"title","url","topics","primary_topic","format","date_published","date_modified","word_count","description"
"¿Cómo sé si mis zapatos se ajustan?","https://barefootopiniones.com/como-si-zapatos-ajustan/","Primeros pasos","Primeros pasos","Guía","2023-05-24","2025-12-09","1417","Guía práctica sobre ¿Cómo sé si mis zapatos se ajustan?, con criterios de ajuste, materiales, comodidad, tipo de pie y uso diario."
"¿Por qué barefoot?","https://barefootopiniones.com/barefoot/","Primeros pasos","Primeros pasos","Artículo","2018-12-31","2020-06-29","1890","Guía práctica sobre ¿Por qué barefoot?, con criterios de ajuste, materiales, comodidad, tipo de pie y uso diario."
"¿Por qué son tan caros los zapatos barefoot?","https://barefootopiniones.com/son-tan-caros-barefoot/","Sin clasificar","Sin clasificar","Artículo","2021-06-10","2026-05-09","1675","Guía práctica sobre ¿Por qué son tan caros los zapatos barefoot?, con criterios de ajuste, materiales, comodidad, tipo de pie y uso diario."
"¿Puede el calzado barefoot ayudar con el dolor de pies?","https://barefootopiniones.com/puede-barefoot-ayudar-con-dolor-pies/","Primeros pasos","Primeros pasos","Artículo","2020-07-15","2025-06-23","2343","Guía práctica sobre ¿Puede el calzado barefoot ayudar con el dolor de pies?, con criterios de ajuste, materiales, comodidad, tipo de pie y uso diario."
"¿Qué es exactamente un zapato barefoot o minimalista?","https://barefootopiniones.com/es-exactamente-zapato-barefoot-o-minimalista/","Primeros pasos","Primeros pasos","Guía","2019-07-31","2024-07-01","1929","Guía práctica sobre ¿Qué es exactamente un zapato barefoot o minimalista?, con criterios de ajuste, materiales, comodidad, tipo de pie y uso diario."
"¿Tienes pies extra anchos? Reemplaza tus botas de invierno con estas","https://barefootopiniones.com/tienes-pies-extra-anchos-reemplaza-botas/","Listas y comparativas | Botas e invierno | Puntera ancha","Listas y comparativas","Lista o comparativa","2023-11-01","2026-07-05","1871","Guía práctica sobre ¿Tienes pies extra anchos? Reemplaza tus botas de invierno con estas, con criterios de ajuste, materiales, comodidad, tipo de pie y uso diario."
"13 zapatos barefoot aprobados por preadolescentes y adolescentes","https://barefootopiniones.com/barefoot-aprobados-preadolescentes/","Sin clasificar","Sin clasificar","Artículo","2021-09-10","2026-06-04","1326","Guía práctica sobre 13 zapatos barefoot aprobados por preadolescentes y adolescentes, con criterios de ajuste, materiales, comodidad, tipo de pie y uso diario."
"15 zapatillas barefoot con estilo que no parecen deportivas","https://barefootopiniones.com/zapatillas-barefoot-con-estilo/","Sin clasificar","Sin clasificar","Artículo","2026-07-07","2026-07-07","1747","Sneakers con puntera amplia, suela flexible y suficiente actitud para llevar con vaqueros, vestido o traje relajado."
"15 zapatillas barefoot con más espacio que unas Vans","https://barefootopiniones.com/zapatillas-barefoot-alternativas-vans/","Sin clasificar","Sin clasificar","Artículo","2026-03-12","2026-06-25","4000","Guía práctica sobre 15 zapatillas barefoot con más espacio que unas Vans, con criterios de ajuste, materiales, comodidad, tipo de pie y uso diario."
"20 zapatos barefoot de vestir para niños","https://barefootopiniones.com/barefoot-vestir-ninos/","Mujer y estilo | Niños","Mujer y estilo","Artículo","2021-08-18","2026-06-22","1324","Guía práctica sobre 20 zapatos barefoot de vestir para niños, con criterios de ajuste, materiales, comodidad, tipo de pie y uso diario."
"5 ejercicios de pies para pasar a barefoot","https://barefootopiniones.com/ejercicios-pies-transicion-barefoot/","Sin clasificar","Sin clasificar","Artículo","2026-06-30","2026-06-30","1686","Movilidad y fuerza basica para que el cambio de calzado se sienta mejor y no dependa solo del zapato."
"5 sencillos ejercicios de pie para la transición a zapatos barefoot","https://barefootopiniones.com/sencillos-ejercicios-pie-transicion-barefoot/","Primeros pasos","Primeros pasos","Artículo","2021-01-05","2025-08-08","1402","Guía práctica sobre 5 sencillos ejercicios de pie para la transición a zapatos barefoot, con criterios de ajuste, materiales, comodidad, tipo de pie y uso diario."
"Aintap Feelbarefoot: zapatos barefoot asequibles y hechos a mano","https://barefootopiniones.com/aintap-feelbarefoot-barefoot-asequibles-hechos/","Listas y comparativas","Listas y comparativas","Lista o comparativa","2022-06-29","2026-05-26","1353","Guía práctica sobre Aintap Feelbarefoot: zapatos barefoot asequibles y hechos a mano, con criterios de ajuste, materiales, comodidad, tipo de pie y uso diario."
"Alternativas barefoot a las sandalias Birkenstock","https://barefootopiniones.com/sandalias-barefoot-alternativas-birkenstock/","Sandalias y verano","Sandalias y verano","Artículo","2026-03-25","2026-06-25","1807","Guía práctica sobre Alternativas barefoot a las sandalias Birkenstock, con criterios de ajuste, materiales, comodidad, tipo de pie y uso diario."
"Alternativas barefoot a varias marcas de calzado populares","https://barefootopiniones.com/alternativas-barefoot-varias-marcas-calzado/","Sin clasificar","Sin clasificar","Artículo","2023-04-13","2026-06-22","1791","Guía práctica sobre Alternativas barefoot a varias marcas de calzado populares, con criterios de ajuste, materiales, comodidad, tipo de pie y uso diario."
"Alternativas barefoot cómodas a cinco zapatos populares","https://barefootopiniones.com/alternativas-barefoot-comodas-cinco-zapatos/","Sin clasificar","Sin clasificar","Artículo","2023-05-15","2026-07-08","1907","Guía práctica sobre Alternativas barefoot cómodas a cinco zapatos populares, con criterios de ajuste, materiales, comodidad, tipo de pie y uso diario."
"Alternativas barefoot elegantes a los tacones altos","https://barefootopiniones.com/alternativas-barefoot-tacones-altos/","Mujer y estilo","Mujer y estilo","Artículo","2026-04-24","2026-06-22","1416","Guía práctica sobre Alternativas barefoot elegantes a los tacones altos, con criterios de ajuste, materiales, comodidad, tipo de pie y uso diario."
"Altra Torin 9: mi opinión honesta tras 27 km","https://barefootopiniones.com/altra-torin-9-opinion-honesta/","Opiniones de marcas | Deporte y movimiento","Opiniones de marcas","Opinión","2026-07-18","2026-07-18","3442","Mi experiencia real con las zapatillas de running Altra Torin 9 tras cuatro salidas y 27 km: talla, amortiguación, drop cero, ventajas y puntos débiles."
"Amazon Finds: zapatos barefoot con devoluciones gratuitas","https://barefootopiniones.com/amazon-finds-barefoot-con-devoluciones/","Listas y comparativas","Listas y comparativas","Lista o comparativa","2019-02-18","2026-06-08","1335","Guía práctica sobre Amazon Finds: zapatos barefoot con devoluciones gratuitas, con criterios de ajuste, materiales, comodidad, tipo de pie y uso diario."
"Bahe: zapatillas barefoot para correr y caminar con conexión a tierra","https://barefootopiniones.com/bahe-zapatillas-barefoot-correr-caminar-con/","Primeros pasos | Deporte y movimiento","Primeros pasos","Artículo","2023-08-02","2026-06-12","1922","Guía práctica sobre Bahe: zapatillas barefoot para correr y caminar con conexión a tierra, con criterios de ajuste, materiales, comodidad, tipo de pie y uso diario."
"Bailarinas y Mary Jane barefoot para 2026","https://barefootopiniones.com/bailarinas-mary-jane-barefoot-2026/","Mujer y estilo","Mujer y estilo","Artículo","2026-07-05","2026-07-05","1823","La alternativa comoda a las bailarinas estrechas: puntera mas natural, suela flexible y mucho potencial de estilo."
"barefoot Pals: los zapatos más ligeros y flexibles que he revisado","https://barefootopiniones.com/barefoot-pals-zapatos-mas-ligeros-flexibles/","Opiniones de marcas","Opiniones de marcas","Opinión","2022-09-01","2026-05-26","1733","Guía práctica sobre barefoot Pals: los zapatos más ligeros y flexibles que he revisado, con criterios de ajuste, materiales, comodidad, tipo de pie y uso diario."
"Birchbury Carnforth: zapatos cómodos con puntera ancha","https://barefootopiniones.com/birchbury-carnforth-zapatos-comodos-con/","Puntera ancha","Puntera ancha","Artículo","2025-01-10","2026-06-11","1487","Guía práctica sobre Birchbury Carnforth: zapatos cómodos con puntera ancha, con criterios de ajuste, materiales, comodidad, tipo de pie y uso diario."
"Bota Lisbeth Joe Boulder: mi opinión breve","https://barefootopiniones.com/bota-lisbeth-joe-boulder-opinion-breve/","Opiniones de marcas | Botas e invierno","Opiniones de marcas","Opinión","2022-02-08","2026-05-28","1387","Guía práctica sobre Bota Lisbeth Joe Boulder: mi opinión breve, con criterios de ajuste, materiales, comodidad, tipo de pie y uso diario."
"Botas de otoño actuales con puntera ancha","https://barefootopiniones.com/botas-otono-actuales-con-puntera-ancha/","Mujer y estilo | Botas e invierno | Puntera ancha","Mujer y estilo","Artículo","2024-09-12","2026-07-05","1436","Guía práctica sobre Botas de otoño actuales con puntera ancha, con criterios de ajuste, materiales, comodidad, tipo de pie y uso diario."
"Botas Lems Chelsea como alternativa barefoot a Blundstone","https://barefootopiniones.com/botas-lems-chelsea-como-alternativa-barefoot/","Opiniones de marcas | Botas e invierno","Opiniones de marcas","Opinión","2022-12-22","2025-06-23","1720","Guía práctica sobre Botas Lems Chelsea como alternativa barefoot a Blundstone, con criterios de ajuste, materiales, comodidad, tipo de pie y uso diario."
"Botas y zapatos barefoot para senderismo","https://barefootopiniones.com/botas-zapatos-barefoot-senderismo/","Sin clasificar","Sin clasificar","Artículo","2026-07-04","2026-07-04","1923","Calzado de exterior con puntera amplia, agarre real y suficiente proteccion para caminar fuera del asfalto."
"Calzado barefoot asequible para niños y todos los presupuestos","https://barefootopiniones.com/barefoot-asequible-ninos-todos-presupuestos/","Listas y comparativas | Niños","Listas y comparativas","Lista o comparativa","2021-02-01","2026-06-22","2403","Guía práctica sobre Calzado barefoot asequible para niños y todos los presupuestos, con criterios de ajuste, materiales, comodidad, tipo de pie y uso diario."
"Calzado barefoot original y lleno de color","https://barefootopiniones.com/barefoot-original-lleno-color/","Mujer y estilo","Mujer y estilo","Artículo","2025-01-30","2026-07-05","1387","Guía práctica sobre Calzado barefoot original y lleno de color, con criterios de ajuste, materiales, comodidad, tipo de pie y uso diario."
"Cambia estos zapatos populares por alternativas cómodas","https://barefootopiniones.com/cambia-zapatos-populares-por-barefoot/","Sin clasificar","Sin clasificar","Artículo","2026-06-28","2026-06-28","1650","Versiones barefoot o de puntera amplia para sustituir siluetas conocidas sin renunciar al estilo."
"Cambie estos zapatos para los pies más felices: Moda de otoño 2023","https://barefootopiniones.com/cambie-estos-zapatos-pies-mas-felices-moda/","Mujer y estilo","Mujer y estilo","Artículo","2023-09-12","2026-05-17","1853","Guía práctica sobre Cambie estos zapatos para los pies más felices: Moda de otoño 2023, con criterios de ajuste, materiales, comodidad, tipo de pie y uso diario."
"Carets Victoria Wingtip: un zapato brogue minimalista para mujer","https://barefootopiniones.com/carets-victoria-wingtip-zapato-brogue/","Mujer y estilo","Mujer y estilo","Artículo","2022-02-03","2026-05-28","1800","Guía práctica sobre Carets Victoria Wingtip: un zapato brogue minimalista para mujer, con criterios de ajuste, materiales, comodidad, tipo de pie y uso diario."
"Cómo aliviar los juanetes sin recurrir a la cirugía","https://barefootopiniones.com/como-aliviar-juanetes-sin-recurrir-cirugia/","Puntera ancha","Puntera ancha","Guía","2022-11-08","2025-03-04","2588","Guía práctica sobre Cómo aliviar los juanetes sin recurrir a la cirugía, con criterios de ajuste, materiales, comodidad, tipo de pie y uso diario."
"Cómo caminar mejor y recuperar una marcha natural","https://barefootopiniones.com/como-caminar-mejor-recuperar-marcha-natural/","Primeros pasos","Primeros pasos","Guía","2022-01-04","2025-07-30","2564","Guía práctica sobre Cómo caminar mejor y recuperar una marcha natural, con criterios de ajuste, materiales, comodidad, tipo de pie y uso diario."
"Cómo cuidar tus zapatos barefoot/minimalistas","https://barefootopiniones.com/como-cuidar-barefoot-minimalistas/","Sin clasificar","Sin clasificar","Guía","2019-06-14","2022-11-25","1762","Guía práctica sobre Cómo cuidar tus zapatos barefoot/minimalistas, con criterios de ajuste, materiales, comodidad, tipo de pie y uso diario."
"Cómo encargar zapatos personalizados a The Drifter Leather","https://barefootopiniones.com/como-encargar-zapatos-personalizados-the/","Opiniones de marcas","Opiniones de marcas","Opinión","2019-02-08","2026-03-24","1963","Guía práctica sobre Cómo encargar zapatos personalizados a The Drifter Leather, con criterios de ajuste, materiales, comodidad, tipo de pie y uso diario."
"Cómo fortalecer tus pies con textura de suelo","https://barefootopiniones.com/como-fortalecer-pies-con-textura-suelo/","Sin clasificar","Sin clasificar","Guía","2021-07-14","2025-07-15","2047","Guía práctica sobre Cómo fortalecer tus pies con textura de suelo, con criterios de ajuste, materiales, comodidad, tipo de pie y uso diario."
"Conoce a la chica nueva de la ciudad: la bailarina tejida con forma de pie","https://barefootopiniones.com/bailarinas-tejidas-puntera-ancha/","Puntera ancha","Puntera ancha","Artículo","2025-11-04","2026-05-19","1369","Guía práctica sobre Conoce a la chica nueva de la ciudad: la bailarina tejida con forma de pie, con criterios de ajuste, materiales, comodidad, tipo de pie y uso..."
"Conoce a los expertos de Natural Footgear","https://barefootopiniones.com/conoce-expertos-natural-footgear/","Sin clasificar","Sin clasificar","Artículo","2023-05-01","2023-05-01","2268","Guía práctica sobre Conoce a los expertos de Natural Footgear, con criterios de ajuste, materiales, comodidad, tipo de pie y uso diario."
"El mejor calzado barefoot para niños según temporada y presupuesto","https://barefootopiniones.com/mejor-barefoot-ninos-segun-temporada/","Listas y comparativas | Niños","Listas y comparativas","Lista o comparativa","2025-07-24","2026-07-01","2946","Guía práctica sobre El mejor calzado barefoot para niños según temporada y presupuesto, con criterios de ajuste, materiales, comodidad, tipo de pie y uso diario."
"Everleigh Meadow: zapatos barefoot femeninos para todo tipo de pies","https://barefootopiniones.com/everleigh-meadow-barefoot-femeninos-todo-tipo/","Sin clasificar","Sin clasificar","Artículo","2023-07-26","2024-02-28","1925","Guía práctica sobre Everleigh Meadow: zapatos barefoot femeninos para todo tipo de pies, con criterios de ajuste, materiales, comodidad, tipo de pie y uso diario."
"Faye está aquí, y está poniendo tus otras botas celosas","https://barefootopiniones.com/botas-barefoot-faye/","Botas e invierno","Botas e invierno","Artículo","2026-01-05","2026-06-25","1385","Guía práctica sobre Faye está aquí, y está poniendo tus otras botas celosas, con criterios de ajuste, materiales, comodidad, tipo de pie y uso diario."
"Feelgrounds barefoot: opinión y guía de tallas","https://barefootopiniones.com/feelgrounds-barefoot-opinion-guia-tallas/","Opiniones de marcas","Opiniones de marcas","Opinión","2021-07-30","2026-06-04","1904","Guía práctica sobre Feelgrounds barefoot: opinión y guía de tallas, con criterios de ajuste, materiales, comodidad, tipo de pie y uso diario."
"Groundies Primavera 2023: Hermosos zapatos barefoot en dos anchos","https://barefootopiniones.com/groundies-primavera-2023-hermosos-barefoot-dos/","Opiniones de marcas | Mujer y estilo","Opiniones de marcas","Opinión","2023-03-09","2026-03-06","1969","Guía práctica sobre Groundies Primavera 2023: Hermosos zapatos barefoot en dos anchos, con criterios de ajuste, materiales, comodidad, tipo de pie y uso diario."
"Guía de estilo para combinar botas barefoot y minimalistas","https://barefootopiniones.com/guia-estilo-combinar-botas-barefoot/","Botas e invierno","Botas e invierno","Guía","2019-11-19","2025-11-18","1833","Guía práctica sobre Guía de estilo para combinar botas barefoot y minimalistas, con criterios de ajuste, materiales, comodidad, tipo de pie y uso diario."
"Guia de Merrell barefoot: modelos, tallas y tipo de pie","https://barefootopiniones.com/merrell-barefoot-guia-modelos-tallas/","Opiniones de marcas","Opiniones de marcas","Opinión","2026-07-17","2026-07-17","2516","Como elegir entre Vapor Glove 7, Trail Glove 8 y Wrapt sin confundir barefoot con simple zapato de trail ligero."
"Guía de Vibram FiveFingers: empezar, tallas y calcetines","https://barefootopiniones.com/vibram-fivefingers-guia-empezar-tallas-calcetines/","Sin clasificar","Sin clasificar","Guía","2026-07-19","2026-07-19","2253","Cómo elegir tus primeras FiveFingers sin equivocarte con la talla, el modelo, los calcetines y la transición al calzado minimalista."
"Ideas de estilo barefoot para abril de 2021","https://barefootopiniones.com/ideas-estilo-barefoot-abril-2021/","Mujer y estilo","Mujer y estilo","Artículo","2021-06-02","2026-05-31","1303","Guía práctica sobre Ideas de estilo barefoot para abril de 2021, con criterios de ajuste, materiales, comodidad, tipo de pie y uso diario."
"Ideas de estilo barefoot para abril de 2022","https://barefootopiniones.com/ideas-estilo-barefoot-abril-2022/","Mujer y estilo","Mujer y estilo","Artículo","2022-04-12","2026-05-28","1381","Guía práctica sobre Ideas de estilo barefoot para abril de 2022, con criterios de ajuste, materiales, comodidad, tipo de pie y uso diario."
"Ideas de estilo barefoot para agosto de 2021","https://barefootopiniones.com/ideas-estilo-barefoot-agosto-2021/","Mujer y estilo","Mujer y estilo","Artículo","2021-09-23","2026-05-31","1395","Guía práctica sobre Ideas de estilo barefoot para agosto de 2021, con criterios de ajuste, materiales, comodidad, tipo de pie y uso diario."
"Ideas de estilo barefoot para diciembre de 2020","https://barefootopiniones.com/ideas-estilo-barefoot-diciembre-2020/","Mujer y estilo","Mujer y estilo","Artículo","2021-01-14","2026-05-31","1363","Guía práctica sobre Ideas de estilo barefoot para diciembre de 2020, con criterios de ajuste, materiales, comodidad, tipo de pie y uso diario."
"Ideas de estilo barefoot para diciembre de 2021","https://barefootopiniones.com/ideas-estilo-barefoot-diciembre-2021/","Mujer y estilo","Mujer y estilo","Artículo","2022-01-06","2026-05-31","1326","Guía práctica sobre Ideas de estilo barefoot para diciembre de 2021, con criterios de ajuste, materiales, comodidad, tipo de pie y uso diario."
"Ideas de estilo barefoot para enero de 2021","https://barefootopiniones.com/ideas-estilo-barefoot-enero-2021/","Mujer y estilo","Mujer y estilo","Artículo","2021-02-08","2026-06-22","1887","Guía práctica sobre Ideas de estilo barefoot para enero de 2021, con criterios de ajuste, materiales, comodidad, tipo de pie y uso diario."
"Ideas de estilo barefoot para enero de 2022","https://barefootopiniones.com/ideas-estilo-barefoot-enero-2022/","Mujer y estilo","Mujer y estilo","Artículo","2022-02-24","2026-05-31","1844","Guía práctica sobre Ideas de estilo barefoot para enero de 2022, con criterios de ajuste, materiales, comodidad, tipo de pie y uso diario."
"Ideas de estilo barefoot para febrero de 2021","https://barefootopiniones.com/ideas-estilo-barefoot-febrero-2021/","Mujer y estilo","Mujer y estilo","Artículo","2021-03-12","2026-05-31","1336","Guía práctica sobre Ideas de estilo barefoot para febrero de 2021, con criterios de ajuste, materiales, comodidad, tipo de pie y uso diario."
"Ideas de estilo barefoot para julio de 2021","https://barefootopiniones.com/ideas-estilo-barefoot-julio-2021/","Mujer y estilo","Mujer y estilo","Artículo","2021-08-25","2026-06-04","1766","Guía práctica sobre Ideas de estilo barefoot para julio de 2021, con criterios de ajuste, materiales, comodidad, tipo de pie y uso diario."
"Ideas de estilo barefoot para julio de 2022","https://barefootopiniones.com/ideas-estilo-barefoot-julio-2022/","Mujer y estilo","Mujer y estilo","Artículo","2022-07-26","2026-05-26","1413","Guía práctica sobre Ideas de estilo barefoot para julio de 2022, con criterios de ajuste, materiales, comodidad, tipo de pie y uso diario."
"Ideas de estilo barefoot para junio de 2021","https://barefootopiniones.com/ideas-estilo-barefoot-junio-2021/","Mujer y estilo","Mujer y estilo","Artículo","2021-07-29","2026-05-31","1867","Guía práctica sobre Ideas de estilo barefoot para junio de 2021, con criterios de ajuste, materiales, comodidad, tipo de pie y uso diario."
"Ideas de estilo barefoot para marzo de 2021","https://barefootopiniones.com/ideas-estilo-barefoot-marzo-2021/","Mujer y estilo","Mujer y estilo","Artículo","2021-04-21","2026-06-22","1742","Guía práctica sobre Ideas de estilo barefoot para marzo de 2021, con criterios de ajuste, materiales, comodidad, tipo de pie y uso diario."
"Ideas de estilo barefoot para mayo de 2021","https://barefootopiniones.com/ideas-estilo-barefoot-mayo-2021/","Mujer y estilo","Mujer y estilo","Artículo","2021-06-21","2026-06-02","1562","Guía práctica sobre Ideas de estilo barefoot para mayo de 2021, con criterios de ajuste, materiales, comodidad, tipo de pie y uso diario."
"Ideas de estilo barefoot para noviembre de 2020","https://barefootopiniones.com/ideas-estilo-barefoot-noviembre-2020/","Mujer y estilo","Mujer y estilo","Artículo","2021-01-02","2026-05-31","1652","Guía práctica sobre Ideas de estilo barefoot para noviembre de 2020, con criterios de ajuste, materiales, comodidad, tipo de pie y uso diario."
"Ideas de estilo barefoot para octubre de 2021","https://barefootopiniones.com/ideas-estilo-barefoot-octubre-2021/","Mujer y estilo","Mujer y estilo","Artículo","2021-11-12","2026-06-22","1623","Guía práctica sobre Ideas de estilo barefoot para octubre de 2021, con criterios de ajuste, materiales, comodidad, tipo de pie y uso diario."
"Ideas de estilo barefoot para septiembre de 2021","https://barefootopiniones.com/ideas-estilo-barefoot-septiembre-2021/","Mujer y estilo","Mujer y estilo","Artículo","2021-10-15","2026-06-22","1416","Guía práctica sobre Ideas de estilo barefoot para septiembre de 2021, con criterios de ajuste, materiales, comodidad, tipo de pie y uso diario."
"Ideas de estilo para llevar zapatos barefoot en verano","https://barefootopiniones.com/ideas-estilo-llevar-barefoot-verano/","Mujer y estilo | Sandalias y verano","Mujer y estilo","Artículo","2025-05-27","2026-07-03","1872","Guía práctica sobre Ideas de estilo para llevar zapatos barefoot en verano, con criterios de ajuste, materiales, comodidad, tipo de pie y uso diario."
"Ideas de moda en versión barefoot","https://barefootopiniones.com/ideas-moda-version-barefoot/","Mujer y estilo","Mujer y estilo","Artículo","2020-12-08","2026-06-22","1343","Guía práctica sobre Ideas de moda en versión barefoot, con criterios de ajuste, materiales, comodidad, tipo de pie y uso diario."
"Las 8 mejores botas barefoot veganas para el invierno","https://barefootopiniones.com/8-mejores-botas-barefoot-veganas-invierno/","Listas y comparativas | Botas e invierno","Listas y comparativas","Lista o comparativa","2021-01-22","2026-06-22","1555","Guía práctica sobre Las 8 mejores botas barefoot veganas para el invierno, con criterios de ajuste, materiales, comodidad, tipo de pie y uso diario."
"Las botas barefoot más cálidas para caminar sobre nieve","https://barefootopiniones.com/botas-barefoot-invierno-nieve/","Botas e invierno","Botas e invierno","Artículo","2025-11-13","2026-06-25","4953","Guía práctica sobre Las botas barefoot más cálidas para caminar sobre nieve, con criterios de ajuste, materiales, comodidad, tipo de pie y uso diario."
"Las mejores botas barefoot para el otoño de cada día","https://barefootopiniones.com/mejores-botas-barefoot-otono-cada-dia/","Listas y comparativas | Mujer y estilo | Botas e invierno","Listas y comparativas","Lista o comparativa","2025-08-15","2026-07-01","3776","Guía práctica sobre Las mejores botas barefoot para el otoño de cada día, con criterios de ajuste, materiales, comodidad, tipo de pie y uso diario."
"Las mejores botas de Chelsea barefoot que no aplastan tus dedos","https://barefootopiniones.com/mejores-botas-chelsea-barefoot-no-aplastan/","Listas y comparativas | Botas e invierno","Listas y comparativas","Lista o comparativa","2025-09-19","2026-07-01","2508","Guía práctica sobre Las mejores botas de Chelsea barefoot que no aplastan tus dedos, con criterios de ajuste, materiales, comodidad, tipo de pie y uso diario."
"Las mejores botas de invierno barefoot para niños que juegan","https://barefootopiniones.com/mejores-botas-barefoot-ninos/","Niños | Botas e invierno","Niños","Lista o comparativa","2025-11-07","2026-06-22","1985","Guía práctica sobre Las mejores botas de invierno barefoot para niños que juegan, con criterios de ajuste, materiales, comodidad, tipo de pie y uso diario."
"Las mejores botas de lluvia impermeable y zapatos","https://barefootopiniones.com/mejor-calzado-barefoot-impermeable/","Listas y comparativas | Botas e invierno","Listas y comparativas","Lista o comparativa","2026-04-17","2026-06-22","1457","Guía práctica sobre Las mejores botas de lluvia impermeable y zapatos, con criterios de ajuste, materiales, comodidad, tipo de pie y uso diario."
"Las mejores botas de trabajo ancho que no matarán tus pies","https://barefootopiniones.com/mejores-botas-trabajo-ancho-no-mataran-pies/","Listas y comparativas | Botas e invierno | Puntera ancha","Listas y comparativas","Lista o comparativa","2024-10-02","2026-06-14","2869","Guía práctica sobre Las mejores botas de trabajo ancho que no matarán tus pies, con criterios de ajuste, materiales, comodidad, tipo de pie y uso diario."
"Las mejores botas militares barefoot con puntera ancha","https://barefootopiniones.com/mejores-botas-militares-barefoot-con-puntera/","Listas y comparativas | Botas e invierno","Listas y comparativas","Lista o comparativa","2025-08-29","2026-07-01","2730","Guía práctica sobre Las mejores botas militares barefoot con puntera ancha, con criterios de ajuste, materiales, comodidad, tipo de pie y uso diario."
"Las mejores marcas de calzado barefoot según tu tipo de pie","https://barefootopiniones.com/mejores-marcas-barefoot-segun-tipo-pie/","Listas y comparativas","Listas y comparativas","Lista o comparativa","2020-11-10","2026-06-22","3133","Guía práctica sobre Las mejores marcas de calzado barefoot según tu tipo de pie, con criterios de ajuste, materiales, comodidad, tipo de pie y uso diario."
"Las mejores marcas de calzado barefoot y minimalista","https://barefootopiniones.com/mejores-marcas-barefoot-minimalista/","Listas y comparativas","Listas y comparativas","Lista o comparativa","2020-05-28","2026-06-22","4181","Guía práctica sobre Las mejores marcas de calzado barefoot y minimalista, con criterios de ajuste, materiales, comodidad, tipo de pie y uso diario."
"Las mejores marcas de zapatos barefoot personalizados para pies difíciles","https://barefootopiniones.com/mejores-marcas-barefoot-personalizados-pies/","Listas y comparativas","Listas y comparativas","Lista o comparativa","2021-10-11","2026-06-12","1453","Guía práctica sobre Las mejores marcas de zapatos barefoot personalizados para pies difíciles, con criterios de ajuste, materiales, comodidad, tipo de pie y uso..."
"Las mejores marcas de zapatos barefoot y minimalistas para principiantes","https://barefootopiniones.com/mejores-marcas-barefoot-minimalistas/","Listas y comparativas","Listas y comparativas","Lista o comparativa","2020-06-05","2026-05-31","2387","Guía práctica sobre Las mejores marcas de zapatos barefoot y minimalistas para principiantes, con criterios de ajuste, materiales, comodidad, tipo de pie y uso..."
"Las mejores plantillas para usar con zapatos barefoot","https://barefootopiniones.com/mejores-plantillas-usar-con-barefoot/","Opiniones de marcas","Opiniones de marcas","Opinión","2020-02-14","2026-05-05","1628","Guía práctica sobre Las mejores plantillas para usar con zapatos barefoot, con criterios de ajuste, materiales, comodidad, tipo de pie y uso diario."
"Las mejores sandalias barefoot con estilo para mujer","https://barefootopiniones.com/mejores-sandalias-barefoot-mujer/","Listas y comparativas | Mujer y estilo | Sandalias y verano","Listas y comparativas","Lista o comparativa","2026-04-02","2026-06-22","3235","Guía práctica sobre Las mejores sandalias barefoot con estilo para mujer, con criterios de ajuste, materiales, comodidad, tipo de pie y uso diario."
"Las mejores sandalias barefoot para las aventuras en 2026","https://barefootopiniones.com/mejores-sandalias-barefoot-aventura-2026/","Primeros pasos | Listas y comparativas | Botas e invierno | Sandalias y verano | Deporte y movimiento","Primeros pasos","Lista o comparativa","2026-04-15","2026-06-22","3954","Guía práctica sobre Las mejores sandalias barefoot para las aventuras en 2026, con criterios de ajuste, materiales, comodidad, tipo de pie y uso diario."
"Las mejores sandalias barefoot para niños","https://barefootopiniones.com/mejores-sandalias-barefoot-ninos/","Listas y comparativas | Niños | Sandalias y verano","Listas y comparativas","Lista o comparativa","2026-06-03","2026-06-22","1625","Guía práctica sobre Las mejores sandalias barefoot para niños, con criterios de ajuste, materiales, comodidad, tipo de pie y uso diario."
"Lems Primal 3: una zapatilla ancha para todo uso","https://barefootopiniones.com/lems-primal-3-zapatilla-ancha-todo-uso/","Opiniones de marcas | Puntera ancha","Opiniones de marcas","Opinión","2024-03-20","2026-05-20","1883","Guía práctica sobre Lems Primal 3: una zapatilla ancha para todo uso, con criterios de ajuste, materiales, comodidad, tipo de pie y uso diario."
"Lista completa de botas barefoot para hombres y mujeres","https://barefootopiniones.com/lista-completa-botas-barefoot-hombres-mujeres/","Mujer y estilo | Botas e invierno","Mujer y estilo","Lista o comparativa","2019-12-06","2026-06-22","1369","Guía práctica sobre Lista completa de botas barefoot para hombres y mujeres, con criterios de ajuste, materiales, comodidad, tipo de pie y uso diario."
"Lista completa de calzado barefoot vegano para 2026","https://barefootopiniones.com/lista-completa-barefoot-vegano-2026/","Sin clasificar","Sin clasificar","Lista o comparativa","2020-07-23","2026-06-22","1387","Guía práctica sobre Lista completa de calzado barefoot vegano para 2026, con criterios de ajuste, materiales, comodidad, tipo de pie y uso diario."
"Lista completa de calzado barefoot y minimalista asequible","https://barefootopiniones.com/lista-completa-barefoot-minimalista-asequible/","Listas y comparativas","Listas y comparativas","Lista o comparativa","2019-02-13","2026-06-22","1483","Guía práctica sobre Lista completa de calzado barefoot y minimalista asequible, con criterios de ajuste, materiales, comodidad, tipo de pie y uso diario."
"Lista completa de sandalias barefoot para el verano de 2026","https://barefootopiniones.com/lista-completa-sandalias-barefoot-verano-2026/","Sandalias y verano","Sandalias y verano","Lista o comparativa","2020-03-17","2026-06-22","1965","Guía práctica sobre Lista completa de sandalias barefoot para el verano de 2026, con criterios de ajuste, materiales, comodidad, tipo de pie y uso diario."
"Lista completa de zapatillas barefoot para correr con zero drop","https://barefootopiniones.com/lista-completa-zapatillas-barefoot-correr-con/","Deporte y movimiento","Deporte y movimiento","Lista o comparativa","2021-03-08","2026-06-22","1616","Guía práctica sobre Lista completa de zapatillas barefoot para correr con zero drop, con criterios de ajuste, materiales, comodidad, tipo de pie y uso diario."
"Lista completa de zapatos barefoot de vestir para mujer","https://barefootopiniones.com/lista-completa-barefoot-vestir-mujer/","Mujer y estilo","Mujer y estilo","Lista o comparativa","2019-01-24","2026-06-22","1339","Guía práctica sobre Lista completa de zapatos barefoot de vestir para mujer, con criterios de ajuste, materiales, comodidad, tipo de pie y uso diario."
"Lono Wear: nueva marca de calzado barefoot con excelente ajuste","https://barefootopiniones.com/lono-wear-marca-barefoot-con-excelente-ajuste/","Sin clasificar","Sin clasificar","Artículo","2025-02-28","2026-06-12","1953","Guía práctica sobre Lono Wear: nueva marca de calzado barefoot con excelente ajuste, con criterios de ajuste, materiales, comodidad, tipo de pie y uso diario."
"Looks de fiesta con zapatos barefoot","https://barefootopiniones.com/looks-fiesta-barefoot/","Mujer y estilo","Mujer y estilo","Artículo","2025-11-25","2026-06-25","1378","Guía práctica sobre Looks de fiesta con zapatos barefoot, con criterios de ajuste, materiales, comodidad, tipo de pie y uso diario."
"Los 10 mejores zapatos barefoot asequibles para adultos","https://barefootopiniones.com/10-mejores-barefoot-asequibles-adultos/","Listas y comparativas","Listas y comparativas","Lista o comparativa","2022-08-26","2026-06-22","2778","Guía práctica sobre Los 10 mejores zapatos barefoot asequibles para adultos, con criterios de ajuste, materiales, comodidad, tipo de pie y uso diario."
"Los 10 mejores zapatos barefoot de vestir con estilo para mujer","https://barefootopiniones.com/10-mejores-barefoot-vestir-con-estilo-mujer/","Listas y comparativas | Mujer y estilo","Listas y comparativas","Lista o comparativa","2021-10-22","2026-06-22","3897","Guía práctica sobre Los 10 mejores zapatos barefoot de vestir con estilo para mujer, con criterios de ajuste, materiales, comodidad, tipo de pie y uso diario."
"Los huaraches más cómodos que no aplastan los dedos de los pies: ya disponibles","https://barefootopiniones.com/huaraches-mas-comodos-no-aplastan-dedos-pies/","Sandalias y verano | Puntera ancha","Sandalias y verano","Artículo","2023-07-13","2026-05-26","1396","Guía práctica sobre Los huaraches más cómodos que no aplastan los dedos de los pies: ya disponibles, con criterios de ajuste, materiales, comodidad, tipo de pie..."
"Los mejores apartamentos Mary Jane y Ballet para 2026","https://barefootopiniones.com/mejores-apartamentos-mary-jane-ballet-2026/","Mujer y estilo","Mujer y estilo","Lista o comparativa","2025-07-09","2026-07-02","2408","Guía práctica sobre Los mejores apartamentos Mary Jane y Ballet para 2026, con criterios de ajuste, materiales, comodidad, tipo de pie y uso diario."
"Los Mejores Calcetines Amistosos del Pie que No Squish Your Toes","https://barefootopiniones.com/mejores-calcetines-amistosos-pie-no-squish/","Listas y comparativas | Puntera ancha","Listas y comparativas","Lista o comparativa","2022-05-11","2026-06-08","1812","Guía práctica sobre Los Mejores Calcetines Amistosos del Pie que No Squish Your Toes, con criterios de ajuste, materiales, comodidad, tipo de pie y uso diario."
"Los mejores mocasines barefoot que no aprietan los dedos","https://barefootopiniones.com/mejores-mocasines-barefoot-no-aprietan-dedos/","Puntera ancha","Puntera ancha","Lista o comparativa","2025-03-25","2026-07-03","1958","Guía práctica sobre Los mejores mocasines barefoot que no aprietan los dedos, con criterios de ajuste, materiales, comodidad, tipo de pie y uso diario."
"Los mejores regalos para amantes del calzado barefoot y la salud de los pies","https://barefootopiniones.com/mejores-regalos-amantes-barefoot-salud-pies/","Listas y comparativas","Listas y comparativas","Lista o comparativa","2022-11-18","2026-05-09","1933","Guía práctica sobre Los mejores regalos para amantes del calzado barefoot y la salud de los pies, con criterios de ajuste, materiales, comodidad, tipo de pie y..."
"Los mejores zapateros casuales que parecen guay","https://barefootopiniones.com/mejores-zapateros-casuales-parecen-guay/","Listas y comparativas","Listas y comparativas","Lista o comparativa","2020-01-31","2026-06-22","1364","Guía práctica sobre Los mejores zapateros casuales que parecen guay, con criterios de ajuste, materiales, comodidad, tipo de pie y uso diario."
"Los mejores zapatos barefoot de vestir para hombre","https://barefootopiniones.com/mejores-zapatos-barefoot-vestir-hombre/","Mujer y estilo","Mujer y estilo","Lista o comparativa","2026-02-05","2026-06-25","1943","Guía práctica sobre Los mejores zapatos barefoot de vestir para hombre, con criterios de ajuste, materiales, comodidad, tipo de pie y uso diario."
"Los mejores zapatos barefoot encontrados en Etsy","https://barefootopiniones.com/mejores-barefoot-encontrados-etsy/","Sin clasificar","Sin clasificar","Lista o comparativa","2020-04-02","2026-06-01","1878","Guía práctica sobre Los mejores zapatos barefoot encontrados en Etsy, con criterios de ajuste, materiales, comodidad, tipo de pie y uso diario."
"Los mejores zapatos barefoot para bebés y niños pequeños","https://barefootopiniones.com/mejores-barefoot-bebes-ninos-pequenos/","Listas y comparativas | Niños","Listas y comparativas","Lista o comparativa","2023-02-28","2026-06-14","2716","Guía práctica sobre Los mejores zapatos barefoot para bebés y niños pequeños, con criterios de ajuste, materiales, comodidad, tipo de pie y uso diario."
"Los mejores zapatos barefoot para el gimnasio","https://barefootopiniones.com/mejores-barefoot-gimnasio/","Listas y comparativas | Deporte y movimiento","Listas y comparativas","Lista o comparativa","2024-03-21","2026-06-14","2797","Guía práctica sobre Los mejores zapatos barefoot para el gimnasio, con criterios de ajuste, materiales, comodidad, tipo de pie y uso diario."
"Los mejores zapatos barefoot para este otoño","https://barefootopiniones.com/mejores-barefoot-este-otono/","Listas y comparativas | Mujer y estilo","Listas y comparativas","Lista o comparativa","2025-10-10","2026-07-01","1729","Guía práctica sobre Los mejores zapatos barefoot para este otoño, con criterios de ajuste, materiales, comodidad, tipo de pie y uso diario."
"Los mejores zapatos barefoot para pies sanos","https://barefootopiniones.com/mejores-barefoot-pies-sanos/","Listas y comparativas | Deporte y movimiento","Listas y comparativas","Lista o comparativa","2022-06-13","2026-06-22","3555","Guía práctica sobre Los mejores zapatos barefoot para pies sanos, con criterios de ajuste, materiales, comodidad, tipo de pie y uso diario."
"Los mejores zapatos barefoot sin cordones para el día a día","https://barefootopiniones.com/mejores-barefoot-sin-cordones-dia-dia/","Listas y comparativas","Listas y comparativas","Lista o comparativa","2022-07-20","2026-06-22","2867","Guía práctica sobre Los mejores zapatos barefoot sin cordones para el día a día, con criterios de ajuste, materiales, comodidad, tipo de pie y uso diario."
"Los mejores zapatos con puntera ancha que no son barefoot","https://barefootopiniones.com/mejores-zapatos-puntera-ancha-no-barefoot/","Listas y comparativas | Puntera ancha","Listas y comparativas","Lista o comparativa","2026-04-30","2026-06-29","3614","Guía práctica sobre Los mejores zapatos con puntera ancha que no son barefoot, con criterios de ajuste, materiales, comodidad, tipo de pie y uso diario."
"Los mejores zapatos de la caja del pie para jugadores conscientes","https://barefootopiniones.com/mejores-zapatillas-pista-puntera-ancha/","Listas y comparativas | Deporte y movimiento | Puntera ancha","Listas y comparativas","Lista o comparativa","2026-06-06","2026-06-08","1608","Guía práctica sobre Los mejores zapatos de la caja del pie para jugadores conscientes, con criterios de ajuste, materiales, comodidad, tipo de pie y uso diario."
"Los mejores zapatos de puntera ancha que no son barefoot","https://barefootopiniones.com/zapatos-puntera-ancha-no-barefoot/","Sin clasificar","Sin clasificar","Lista o comparativa","2026-07-08","2026-07-08","1734","Para quien quiere espacio para los dedos, pero aun no busca una suela ultrafina o totalmente minimalista."
"Los mejores zapatos de uso diario para pies extraanchos","https://barefootopiniones.com/mejores-uso-diario-pies-extraanchos/","Listas y comparativas | Puntera ancha","Listas y comparativas","Lista o comparativa","2025-10-03","2026-07-01","1631","Guía práctica sobre Los mejores zapatos de uso diario para pies extraanchos, con criterios de ajuste, materiales, comodidad, tipo de pie y uso diario."
"Los mejores zapatos de verano para niños","https://barefootopiniones.com/mejores-verano-ninos/","Listas y comparativas | Niños | Sandalias y verano","Listas y comparativas","Lista o comparativa","2023-05-26","2026-07-08","1685","Guía práctica sobre Los mejores zapatos de verano para niños, con criterios de ajuste, materiales, comodidad, tipo de pie y uso diario."
"Los mejores zapatos para gente al aire libre","https://barefootopiniones.com/mejores-gente-aire-libre/","Listas y comparativas | Botas e invierno | Deporte y movimiento","Listas y comparativas","Lista o comparativa","2025-10-24","2026-06-22","3157","Guía práctica sobre Los mejores zapatos para gente al aire libre, con criterios de ajuste, materiales, comodidad, tipo de pie y uso diario."
"Los mejores zapatos para niños este año","https://barefootopiniones.com/mejores-ninos-este-ano/","Listas y comparativas | Niños","Listas y comparativas","Lista o comparativa","2023-08-07","2026-06-14","1686","Guía práctica sobre Los mejores zapatos para niños este año, con criterios de ajuste, materiales, comodidad, tipo de pie y uso diario."
"Los mejores zuecos barefoot con puntera amplia","https://barefootopiniones.com/mejores-zuecos-barefoot-con-puntera-amplia/","Mujer y estilo","Mujer y estilo","Lista o comparativa","2025-04-25","2026-07-03","1813","Guía práctica sobre Los mejores zuecos barefoot con puntera amplia, con criterios de ajuste, materiales, comodidad, tipo de pie y uso diario."
"Los regalos que quiere cualquier amante del barefoot en 2025","https://barefootopiniones.com/regalos-amantes-barefoot-2025/","Sin clasificar","Sin clasificar","Artículo","2025-12-05","2026-06-25","1705","Guía práctica sobre Los regalos que quiere cualquier amante del barefoot en 2025, con criterios de ajuste, materiales, comodidad, tipo de pie y uso diario."
"Los zapatos barefoot más nuevos y elegantes: Softstar Vintage Tie Flats","https://barefootopiniones.com/barefoot-mas-elegantes-softstar-vintage-tie/","Opiniones de marcas | Mujer y estilo","Opiniones de marcas","Opinión","2024-10-15","2025-09-21","1916","Guía práctica sobre Los zapatos barefoot más nuevos y elegantes: Softstar Vintage Tie Flats, con criterios de ajuste, materiales, comodidad, tipo de pie y uso..."
"Los zapatos barefoot que más me ilusionan para la primavera de 2026","https://barefootopiniones.com/estilo-barefoot-primavera-2026/","Mujer y estilo","Mujer y estilo","Artículo","2026-04-01","2026-06-25","2046","Guía práctica sobre Los zapatos barefoot que más me ilusionan para la primavera de 2026, con criterios de ajuste, materiales, comodidad, tipo de pie y uso diario."
"Marcas barefoot por región del mundo","https://barefootopiniones.com/marcas-barefoot-por-region/","Sin clasificar","Sin clasificar","Artículo","2026-07-02","2026-07-02","1918","Una guia para encontrar marcas cercanas, reducir envios complicados y descubrir opciones que no siempre aparecen en tiendas grandes."
"Marcas de calzado barefoot por regiones del mundo","https://barefootopiniones.com/marcas-barefoot-regiones-mundo/","Listas y comparativas","Listas y comparativas","Lista o comparativa","2020-12-08","2026-07-02","1626","Guía práctica sobre Marcas de calzado barefoot por regiones del mundo, con criterios de ajuste, materiales, comodidad, tipo de pie y uso diario."
"Mejora tu forma de caminar con un ejercicio sencillo","https://barefootopiniones.com/mejora-forma-caminar-con-ejercicio-sencillo/","Primeros pasos","Primeros pasos","Artículo","2020-12-01","2023-05-19","1705","Guía práctica sobre Mejora tu forma de caminar con un ejercicio sencillo, con criterios de ajuste, materiales, comodidad, tipo de pie y uso diario."
"Mi nueva marca de zapatos barefoot favorita para 2025: Lang.S","https://barefootopiniones.com/marca-barefoot-favorita-2025-lang-s/","Sin clasificar","Sin clasificar","Artículo","2025-09-26","2026-07-01","1433","Guía práctica sobre Mi nueva marca de zapatos barefoot favorita para 2025: Lang.S, con criterios de ajuste, materiales, comodidad, tipo de pie y uso diario."
"Mi opinión sobre Altra Lone Peak 5: zapatillas minimalistas para correr por senderos","https://barefootopiniones.com/opinion-altra-lone-peak-5-zapatillas/","Opiniones de marcas | Deporte y movimiento","Opiniones de marcas","Opinión","2021-05-05","2026-06-12","2538","Mi opinión sobre Altra Lone Peak 5: zapatillas minimalistas para correr por senderos, con criterios de ajuste, materiales, comodidad, tipo de pie y uso diario."
"Mi opinión sobre Angles Fashion: por qué nos encantan estos zapatos barefoot","https://barefootopiniones.com/opinion-angles-fashion-nos-encantan-estos/","Opiniones de marcas | Mujer y estilo","Opiniones de marcas","Opinión","2021-12-09","2026-06-02","1902","Mi opinión sobre Angles Fashion: por qué nos encantan estos zapatos barefoot, con criterios de ajuste, materiales, comodidad, tipo de pie y uso diario."
"Mi opinión sobre Barebarics: las mejores zapatillas gruesas con forma de pie","https://barefootopiniones.com/opinion-barebarics-mejores-zapatillas-gruesas/","Listas y comparativas | Opiniones de marcas","Listas y comparativas","Opinión","2022-10-12","2026-01-08","1423","Mi opinión sobre Barebarics: las mejores zapatillas gruesas con forma de pie, con criterios de ajuste, materiales, comodidad, tipo de pie y uso diario."
"Mi opinión sobre Barebound: nuevos zuecos barefoot","https://barefootopiniones.com/opinion-barebound-zuecos-barefoot/","Sin clasificar","Sin clasificar","Opinión","2026-02-13","2026-05-19","1314","Mi opinión sobre Barebound: nuevos zuecos barefoot, con criterios de ajuste, materiales, comodidad, tipo de pie y uso diario."
"Mi opinión sobre Be Lenka barefoot: nuevos modelos para 2022","https://barefootopiniones.com/opinion-be-lenka-barefoot-modelos-2022/","Opiniones de marcas","Opiniones de marcas","Opinión","2022-05-03","2025-12-23","2577","Mi opinión sobre Be Lenka barefoot: nuevos modelos para 2022, con criterios de ajuste, materiales, comodidad, tipo de pie y uso diario."
"Mi opinión sobre Be Lenka City: zapatillas informales barefoot","https://barefootopiniones.com/opinion-be-lenka-city-zapatillas-informales/","Opiniones de marcas","Opiniones de marcas","Opinión","2021-03-29","2025-12-23","1918","Mi opinión sobre Be Lenka City: zapatillas informales barefoot, con criterios de ajuste, materiales, comodidad, tipo de pie y uso diario."
"Mi opinión sobre Be Lenka Icon: calzado barefoot informal","https://barefootopiniones.com/opinion-be-lenka-icon-barefoot-informal/","Opiniones de marcas","Opiniones de marcas","Opinión","2020-03-01","2025-12-23","1702","Mi opinión sobre Be Lenka Icon: calzado barefoot informal, con criterios de ajuste, materiales, comodidad, tipo de pie y uso diario."
"Mi opinión sobre Be Lenka Kids: zapatos barefoot para pies pequeños y anchos","https://barefootopiniones.com/opinion-be-lenka-ninos-barefoot-pies-pequenos/","Opiniones de marcas | Niños","Opiniones de marcas","Opinión","2022-06-10","2025-12-23","1434","Mi opinión sobre Be Lenka Kids: zapatos barefoot para pies pequeños y anchos, con criterios de ajuste, materiales, comodidad, tipo de pie y uso diario."
"Mi opinión sobre Be Lenka Prime: una zapatilla para pies anchos","https://barefootopiniones.com/opinion-be-lenka-prime-zapatilla-pies-anchos/","Opiniones de marcas","Opiniones de marcas","Opinión","2020-06-16","2026-05-29","1448","Mi opinión sobre Be Lenka Prime: una zapatilla para pies anchos, con criterios de ajuste, materiales, comodidad, tipo de pie y uso diario."
"Mi opinión sobre Bearfoot Bruin: botas de trabajo barefoot que son realmente funcionales","https://barefootopiniones.com/opinion-bearfoot-bruin-botas-trabajo-barefoot/","Opiniones de marcas | Botas e invierno","Opiniones de marcas","Opinión","2023-04-17","2024-10-09","1801","Mi opinión sobre Bearfoot Bruin: botas de trabajo barefoot que son realmente funcionales, con criterios de ajuste, materiales, comodidad, tipo de pie y uso diario."
"Mi opinión sobre Bohempia: alternativas barefoot a Converse y Vans","https://barefootopiniones.com/opinion-bohempia-alternativas-barefoot/","Opiniones de marcas","Opiniones de marcas","Opinión","2022-09-14","2024-07-11","1470","Mi opinión sobre Bohempia: alternativas barefoot a Converse y Vans, con criterios de ajuste, materiales, comodidad, tipo de pie y uso diario."
"Mi opinión sobre botas barefoot Be Lenka: la colección completa de invierno 2023","https://barefootopiniones.com/opinion-botas-barefoot-be-lenka-coleccion/","Opiniones de marcas | Botas e invierno","Opiniones de marcas","Opinión","2023-01-04","2025-12-23","2343","Mi opinión sobre botas barefoot Be Lenka: la colección completa de invierno 2023, con criterios de ajuste, materiales, comodidad, tipo de pie y uso diario."
"Mi opinión sobre botas Chukka de Lems Shoes","https://barefootopiniones.com/opinion-botas-chukka-lems/","Opiniones de marcas","Opiniones de marcas","Opinión","2019-10-17","2025-11-18","1738","Mi opinión sobre botas Chukka de Lems Shoes, con criterios de ajuste, materiales, comodidad, tipo de pie y uso diario."
"Mi opinión sobre botas de invierno barefoot Be Lenka: Polar, Nord, Sierra e Winter","https://barefootopiniones.com/opinion-botas-invierno-barefoot-be-lenka-polar/","Opiniones de marcas | Botas e invierno","Opiniones de marcas","Opinión","2021-01-14","2025-12-23","1458","Mi opinión sobre botas de invierno barefoot Be Lenka: Polar, Nord, Sierra e Winter, con criterios de ajuste, materiales, comodidad, tipo de pie y uso diario."
"Mi opinión sobre botas de invierno Be Lenka","https://barefootopiniones.com/opinion-botas-invierno-be-lenka/","Opiniones de marcas | Botas e invierno","Opiniones de marcas","Opinión","2019-11-27","2025-12-23","1464","Mi opinión sobre botas de invierno Be Lenka, con criterios de ajuste, materiales, comodidad, tipo de pie y uso diario."
"Mi opinión sobre botas de lluvia de goma Asgard: una bota de agua de zero drop asequible","https://barefootopiniones.com/opinion-botas-lluvia-goma-asgard-bota-agua/","Listas y comparativas | Opiniones de marcas | Botas e invierno","Listas y comparativas","Opinión","2021-07-07","2022-08-29","1468","Mi opinión sobre botas de lluvia de goma Asgard: una bota de agua de zero drop asequible, con criterios de ajuste, materiales, comodidad, tipo de pie y uso diario."
"Mi opinión sobre botas para niños Bobux","https://barefootopiniones.com/opinion-botas-ninos-bobux/","Opiniones de marcas | Niños | Botas e invierno","Opiniones de marcas","Opinión","2019-01-12","2026-05-29","1524","Mi opinión sobre botas para niños Bobux, con criterios de ajuste, materiales, comodidad, tipo de pie y uso diario."
"Mi opinión sobre botas Vivobarefoot Scott","https://barefootopiniones.com/opinion-botas-vivobarefoot-scott/","Opiniones de marcas","Opiniones de marcas","Opinión","2019-01-20","2025-11-18","1792","Mi opinión sobre botas Vivobarefoot Scott, con criterios de ajuste, materiales, comodidad, tipo de pie y uso diario."
"Mi opinión sobre Carets: zapatos barefoot elegantes para hombres","https://barefootopiniones.com/opinion-carets-barefoot-elegantes-hombres/","Opiniones de marcas | Mujer y estilo","Opiniones de marcas","Opinión","2021-02-15","2026-05-29","1365","Mi opinión sobre Carets: zapatos barefoot elegantes para hombres, con criterios de ajuste, materiales, comodidad, tipo de pie y uso diario."
"Mi opinión sobre Chala: sandalias barefoot clásicas","https://barefootopiniones.com/opinion-chala-sandalias-barefoot-clasicas/","Opiniones de marcas | Sandalias y verano","Opiniones de marcas","Opinión","2021-06-02","2026-05-29","1376","Mi opinión sobre Chala: sandalias barefoot clásicas, con criterios de ajuste, materiales, comodidad, tipo de pie y uso diario."
"Mi opinión sobre Correct Toes: ¿merecen la pena?","https://barefootopiniones.com/opinion-correct-toes-merecen-pena/","Opiniones de marcas | Puntera ancha","Opiniones de marcas","Opinión","2020-08-03","2022-11-12","2300","Mi opinión sobre Correct Toes: ¿merecen la pena?, con criterios de ajuste, materiales, comodidad, tipo de pie y uso diario."
"Mi opinión sobre DaVinci Footwear: calzado barefoot elegante","https://barefootopiniones.com/opinion-davinci-footwear-barefoot-elegante/","Opiniones de marcas","Opiniones de marcas","Opinión","2019-11-25","2025-11-18","1614","Mi opinión sobre DaVinci Footwear: calzado barefoot elegante, con criterios de ajuste, materiales, comodidad, tipo de pie y uso diario."
"Mi opinión sobre Duchess & Fox: los zapatos hechos a mano más suaves y con estilo","https://barefootopiniones.com/opinion-duchess-fox-zapatos-hechos-mano-mas/","Opiniones de marcas","Opiniones de marcas","Opinión","2022-08-19","2024-09-17","1775","Mi opinión sobre Duchess & Fox: los zapatos hechos a mano más suaves y con estilo, con criterios de ajuste, materiales, comodidad, tipo de pie y uso diario."
"Mi opinión sobre Earthing Moccasins: mocasines barefoot para hacer en casa","https://barefootopiniones.com/opinion-earthing-moccasins-mocasines-barefoot/","Opiniones de marcas","Opiniones de marcas","Opinión","2023-06-15","2023-06-19","1752","Mi opinión sobre Earthing Moccasins: mocasines barefoot para hacer en casa, con criterios de ajuste, materiales, comodidad, tipo de pie y uso diario."
"Mi opinión sobre Etsy de sandalias griegas","https://barefootopiniones.com/opinion-etsy-sandalias-griegas/","Opiniones de marcas | Sandalias y verano","Opiniones de marcas","Opinión","2019-03-28","2026-05-04","1368","Mi opinión sobre Etsy de sandalias griegas, con criterios de ajuste, materiales, comodidad, tipo de pie y uso diario."
"Mi opinión sobre Feelgrounds Droptop: geniales zapatos barefoot","https://barefootopiniones.com/opinion-feelgrounds-droptop-geniales-barefoot/","Opiniones de marcas","Opiniones de marcas","Opinión","2020-06-02","2026-06-04","1365","Mi opinión sobre Feelgrounds Droptop: geniales zapatos barefoot, con criterios de ajuste, materiales, comodidad, tipo de pie y uso diario."
"Mi opinión sobre Feelgrounds Highrise","https://barefootopiniones.com/opinion-feelgrounds-highrise/","Opiniones de marcas","Opiniones de marcas","Opinión","2020-04-10","2026-06-04","1407","Mi opinión sobre Feelgrounds Highrise, con criterios de ajuste, materiales, comodidad, tipo de pie y uso diario."
"Mi opinión sobre Feelgrounds Patrol: botas de invierno veganas barefoot","https://barefootopiniones.com/opinion-feelgrounds-patrol-botas-invierno/","Opiniones de marcas | Botas e invierno","Opiniones de marcas","Opinión","2021-03-15","2026-06-04","1892","Mi opinión sobre Feelgrounds Patrol: botas de invierno veganas barefoot, con criterios de ajuste, materiales, comodidad, tipo de pie y uso diario."
"Mi opinión sobre Freet Vibe: pies libres, buenas vibraciones","https://barefootopiniones.com/opinion-freet-vibe-pies-libres-buenas/","Opiniones de marcas","Opiniones de marcas","Opinión","2023-10-12","2026-06-22","1873","Mi opinión sobre Freet Vibe: pies libres, buenas vibraciones, con criterios de ajuste, materiales, comodidad, tipo de pie y uso diario."
"Mi opinión sobre Gaucho Ninja: Botas barefoot hechas a mano","https://barefootopiniones.com/opinion-gaucho-ninja-botas-barefoot-hechas/","Opiniones de marcas | Botas e invierno","Opiniones de marcas","Opinión","2020-09-19","2026-05-29","2019","Mi opinión sobre Gaucho Ninja: Botas barefoot hechas a mano, con criterios de ajuste, materiales, comodidad, tipo de pie y uso diario."
"Mi opinión sobre Groundies Bella: una mirada en profundidad","https://barefootopiniones.com/opinion-groundies-bella-mirada-profundidad/","Opiniones de marcas","Opiniones de marcas","Opinión","2021-06-25","2026-05-29","1679","Mi opinión sobre Groundies Bella: una mirada en profundidad, con criterios de ajuste, materiales, comodidad, tipo de pie y uso diario."
"Mi opinión sobre Groundies Felicia: zapatos planos clásicos pero hechos pensando en los pies","https://barefootopiniones.com/opinion-groundies-felicia-zapatos-planos/","Opiniones de marcas | Mujer y estilo","Opiniones de marcas","Opinión","2022-10-10","2026-05-26","1325","Mi opinión sobre Groundies Felicia: zapatos planos clásicos pero hechos pensando en los pies, con criterios de ajuste, materiales, comodidad, tipo de pie y uso..."
"Mi opinión sobre Groundies Palermo: zapato de vestir barefoot para hombre","https://barefootopiniones.com/opinion-groundies-palermo-zapato-vestir/","Opiniones de marcas | Mujer y estilo","Opiniones de marcas","Opinión","2021-03-12","2026-05-29","1741","Mi opinión sobre Groundies Palermo: zapato de vestir barefoot para hombre, con criterios de ajuste, materiales, comodidad, tipo de pie y uso diario."
"Mi opinión sobre Groundies Performance: zapatillas barefoot de estilo retro","https://barefootopiniones.com/opinion-groundies-performance-zapatillas/","Opiniones de marcas | Deporte y movimiento","Opiniones de marcas","Opinión","2022-03-11","2026-06-12","1802","Mi opinión sobre Groundies Performance: zapatillas barefoot de estilo retro, con criterios de ajuste, materiales, comodidad, tipo de pie y uso diario."
"Mi opinión sobre Groundies: la mejor marca de zapatos barefoot para amantes de la moda","https://barefootopiniones.com/opinion-groundies-mejor-marca-barefoot-amantes/","Listas y comparativas | Opiniones de marcas | Mujer y estilo","Listas y comparativas","Opinión","2022-10-26","2026-05-26","2398","Mi opinión sobre Groundies: la mejor marca de zapatos barefoot para amantes de la moda, con criterios de ajuste, materiales, comodidad, tipo de pie y uso diario."
"Mi opinión sobre Icarus Ascent: un zapato barefoot que se adapta a ti","https://barefootopiniones.com/opinion-icarus-ascent-zapato-barefoot-adapta/","Primeros pasos | Opiniones de marcas","Primeros pasos","Opinión","2023-09-21","2026-06-12","1342","Mi opinión sobre Icarus Ascent: un zapato barefoot que se adapta a ti, con criterios de ajuste, materiales, comodidad, tipo de pie y uso diario."
"Mi opinión sobre Jan & Jul: calzado infantil asequible y respetuoso","https://barefootopiniones.com/opinion-jan-jul-calzado-infantil-asequible/","Listas y comparativas | Opiniones de marcas | Niños","Listas y comparativas","Opinión","2022-08-09","2026-05-26","1423","Mi opinión sobre Jan & Jul: calzado infantil asequible y respetuoso, con criterios de ajuste, materiales, comodidad, tipo de pie y uso diario."
"Mi opinión sobre Jenon Leather: zapatos barefoot personalizables para cualquier tipo de pie","https://barefootopiniones.com/opinion-jenon-leather-barefoot-personalizables/","Opiniones de marcas","Opiniones de marcas","Opinión","2022-12-01","2026-05-26","1656","Mi opinión sobre Jenon Leather: zapatos barefoot personalizables para cualquier tipo de pie, con criterios de ajuste, materiales, comodidad, tipo de pie y uso..."
"Mi opinión sobre la colección de invierno 2022 de Xero Shoes","https://barefootopiniones.com/opinion-coleccion-invierno-2022-xero/","Opiniones de marcas | Botas e invierno","Opiniones de marcas","Opinión","2022-11-15","2026-06-12","1698","Mi opinión sobre la colección de invierno 2022 de Xero Shoes, con criterios de ajuste, materiales, comodidad, tipo de pie y uso diario."
"Mi opinión sobre la colección de otoño 2024 de Xero Shoes","https://barefootopiniones.com/opinion-coleccion-otono-2024-xero/","Opiniones de marcas | Mujer y estilo","Opiniones de marcas","Opinión","2024-08-13","2026-04-21","1613","Mi opinión sobre la colección de otoño 2024 de Xero Shoes, con criterios de ajuste, materiales, comodidad, tipo de pie y uso diario."
"Mi opinión sobre la colección de primavera 2022 de Xero Shoes","https://barefootopiniones.com/opinion-coleccion-primavera-2022-xero/","Opiniones de marcas | Mujer y estilo","Opiniones de marcas","Opinión","2022-02-28","2026-06-12","2241","Mi opinión sobre la colección de primavera 2022 de Xero Shoes, con criterios de ajuste, materiales, comodidad, tipo de pie y uso diario."
"Mi opinión sobre la colección de primavera 2026 de Xero Shoes","https://barefootopiniones.com/opinion-xero-primavera-2026/","Opiniones de marcas | Mujer y estilo","Opiniones de marcas","Opinión","2026-05-01","2026-06-12","1472","Mi opinión sobre la colección de primavera 2026 de Xero Shoes, con criterios de ajuste, materiales, comodidad, tipo de pie y uso diario."
"Mi opinión sobre la colección Wildling Shoes Otoño 2022","https://barefootopiniones.com/opinion-coleccion-wildling-otono-2022/","Opiniones de marcas | Mujer y estilo","Opiniones de marcas","Opinión","2022-10-04","2026-05-12","1446","Mi opinión sobre la colección Wildling Shoes Otoño 2022, con criterios de ajuste, materiales, comodidad, tipo de pie y uso diario."
"Mi opinión sobre la tabla Mobo: no es la tabla de equilibrio promedio","https://barefootopiniones.com/opinion-tabla-mobo-no-es-tabla-equilibrio/","Opiniones de marcas","Opiniones de marcas","Opinión","2021-02-12","2022-11-16","1404","Mi opinión sobre la tabla Mobo: no es la tabla de equilibrio promedio, con criterios de ajuste, materiales, comodidad, tipo de pie y uso diario."
"Mi opinión sobre la versión Vivobarefoot Fulham 2019","https://barefootopiniones.com/opinion-version-vivobarefoot-fulham-2019/","Opiniones de marcas","Opiniones de marcas","Opinión","2019-01-01","2025-11-18","1353","Mi opinión sobre la versión Vivobarefoot Fulham 2019, con criterios de ajuste, materiales, comodidad, tipo de pie y uso diario."
"Mi opinión sobre las bailarinas barefoot de Magical Shoes","https://barefootopiniones.com/opinion-bailarinas-barefoot-magical/","Opiniones de marcas","Opiniones de marcas","Opinión","2019-06-21","2025-07-15","1928","Mi opinión sobre las bailarinas barefoot de Magical Shoes, con criterios de ajuste, materiales, comodidad, tipo de pie y uso diario."
"Mi opinión sobre las bailarinas Cinderollies","https://barefootopiniones.com/opinion-bailarinas-cinderollies/","Opiniones de marcas | Mujer y estilo","Opiniones de marcas","Opinión","2019-04-02","2020-06-29","1329","Mi opinión sobre las bailarinas Cinderollies, con criterios de ajuste, materiales, comodidad, tipo de pie y uso diario."
"Mi opinión sobre las bailarinas de terciopelo Tadeevo: un zapato de vestir barefoot súper ancho","https://barefootopiniones.com/opinion-bailarinas-terciopelo-tadeevo-zapato/","Opiniones de marcas | Mujer y estilo","Opiniones de marcas","Opinión","2021-03-29","2026-05-29","1483","Mi opinión sobre las bailarinas de terciopelo Tadeevo: un zapato de vestir barefoot súper ancho, con criterios de ajuste, materiales, comodidad, tipo de pie y..."
"Mi opinión sobre las bailarinas Gea Soles Yrsa","https://barefootopiniones.com/opinion-bailarinas-gea-soles-yrsa/","Opiniones de marcas","Opiniones de marcas","Opinión","2020-05-05","2026-05-29","1402","Mi opinión sobre las bailarinas Gea Soles Yrsa, con criterios de ajuste, materiales, comodidad, tipo de pie y uso diario."
"Mi opinión sobre las botas de montar Vera de cuero Drifter","https://barefootopiniones.com/opinion-botas-montar-vera-cuero-drifter/","Opiniones de marcas","Opiniones de marcas","Opinión","2018-12-29","2025-11-18","1449","Mi opinión sobre las botas de montar Vera de cuero Drifter, con criterios de ajuste, materiales, comodidad, tipo de pie y uso diario."
"Mi opinión sobre las botas Groundies Liverpool GX1","https://barefootopiniones.com/opinion-botas-groundies-liverpool-gx1/","Opiniones de marcas | Botas e invierno","Opiniones de marcas","Opinión","2022-01-28","2026-05-28","1318","Mi opinión sobre las botas Groundies Liverpool GX1, con criterios de ajuste, materiales, comodidad, tipo de pie y uso diario."
"Mi opinión sobre las sandalias Keota para niños de Unshoes: mejores que las chanclas","https://barefootopiniones.com/opinion-sandalias-keota-ninos-unshoes-mejores/","Opiniones de marcas | Niños | Sandalias y verano","Opiniones de marcas","Opinión","2021-07-21","2026-05-29","1633","Mi opinión sobre las sandalias Keota para niños de Unshoes: mejores que las chanclas, con criterios de ajuste, materiales, comodidad, tipo de pie y uso diario."
"Mi opinión sobre las sandalias Safita de cuero Drifter","https://barefootopiniones.com/opinion-sandalias-safita-cuero-drifter/","Opiniones de marcas | Sandalias y verano","Opiniones de marcas","Opinión","2020-04-14","2026-05-29","1352","Mi opinión sobre las sandalias Safita de cuero Drifter, con criterios de ajuste, materiales, comodidad, tipo de pie y uso diario."
"Mi opinión sobre las sandalias Shamma para correr","https://barefootopiniones.com/opinion-sandalias-shamma-correr/","Opiniones de marcas | Sandalias y verano | Deporte y movimiento","Opiniones de marcas","Opinión","2020-06-28","2026-06-12","1881","Mi opinión sobre las sandalias Shamma para correr, con criterios de ajuste, materiales, comodidad, tipo de pie y uso diario."
"Mi opinión sobre las sandalias Xero Z Trek","https://barefootopiniones.com/opinion-sandalias-xero-z-trek/","Opiniones de marcas | Sandalias y verano","Opiniones de marcas","Opinión","2019-05-16","2026-06-12","1424","Mi opinión sobre las sandalias Xero Z Trek, con criterios de ajuste, materiales, comodidad, tipo de pie y uso diario."
"Mi opinión sobre Lisbeth Joe London: mocasines barefoot con estilo","https://barefootopiniones.com/opinion-lisbeth-joe-london-mocasines-barefoot/","Opiniones de marcas","Opiniones de marcas","Opinión","2021-05-19","2026-05-29","1535","Mi opinión sobre Lisbeth Joe London: mocasines barefoot con estilo, con criterios de ajuste, materiales, comodidad, tipo de pie y uso diario."
"Mi opinión sobre Little Love Bug: calzado infantil asequible y respetuoso","https://barefootopiniones.com/opinion-little-love-bug-calzado-infantil/","Opiniones de marcas | Niños","Opiniones de marcas","Opinión","2024-01-04","2026-05-20","1633","Mi opinión sobre Little Love Bug: calzado infantil asequible y respetuoso, con criterios de ajuste, materiales, comodidad, tipo de pie y uso diario."
"Mi opinión sobre los pisos Vivobarefoot Jing Jing II","https://barefootopiniones.com/opinion-pisos-vivobarefoot-jing-jing-ii/","Opiniones de marcas","Opiniones de marcas","Opinión","2019-02-22","2025-11-18","1412","Mi opinión sobre los pisos Vivobarefoot Jing Jing II, con criterios de ajuste, materiales, comodidad, tipo de pie y uso diario."
"Mi opinión sobre los zapatos Wildling de otoño más nuevos de 2023","https://barefootopiniones.com/opinion-zapatos-wildling-otono-mas-2023/","Opiniones de marcas | Mujer y estilo","Opiniones de marcas","Opinión","2023-09-06","2026-05-26","1607","Mi opinión sobre los zapatos Wildling de otoño más nuevos de 2023, con criterios de ajuste, materiales, comodidad, tipo de pie y uso diario."
"Mi opinión sobre Magical Shoes Bebe: zapatos barefoot asequibles para niños","https://barefootopiniones.com/opinion-magical-bebe-barefoot-asequibles-ninos/","Opiniones de marcas","Opiniones de marcas","Opinión","2021-06-16","2026-05-29","1792","Mi opinión sobre Magical Shoes Bebe: zapatos barefoot asequibles para niños, con criterios de ajuste, materiales, comodidad, tipo de pie y uso diario."
"Mi opinión sobre mocasines (y sandalias) Zuzii","https://barefootopiniones.com/opinion-mocasines-sandalias-zuzii/","Opiniones de marcas | Sandalias y verano","Opiniones de marcas","Opinión","2019-02-24","2021-09-20","1362","Mi opinión sobre mocasines (y sandalias) Zuzii, con criterios de ajuste, materiales, comodidad, tipo de pie y uso diario."
"Mi opinión sobre Mukishoes Cork Chelsea: olvidarás que los llevas puestos","https://barefootopiniones.com/opinion-mukishoes-cork-chelsea-olvidaras/","Opiniones de marcas | Botas e invierno","Opiniones de marcas","Opinión","2020-10-31","2026-05-29","1925","Mi opinión sobre Mukishoes Cork Chelsea: olvidarás que los llevas puestos, con criterios de ajuste, materiales, comodidad, tipo de pie y uso diario."
"Mi opinión sobre Mukishoes primavera 2022: nube, hiedra, azafrán y mini musgo","https://barefootopiniones.com/opinion-mukishoes-primavera-2022-nube-hiedra/","Opiniones de marcas | Mujer y estilo","Opiniones de marcas","Opinión","2022-03-04","2026-05-28","1404","Mi opinión sobre Mukishoes primavera 2022: nube, hiedra, azafrán y mini musgo, con criterios de ajuste, materiales, comodidad, tipo de pie y uso diario."
"Mi opinión sobre Mukishoes: Colores frescos para la primavera de 2023","https://barefootopiniones.com/opinion-mukishoes-colores-frescos-primavera/","Opiniones de marcas | Mujer y estilo","Opiniones de marcas","Opinión","2023-03-27","2025-12-18","1597","Mi opinión sobre Mukishoes: Colores frescos para la primavera de 2023, con criterios de ajuste, materiales, comodidad, tipo de pie y uso diario."
"Mi opinión sobre Mukishoes: una marca de calzado barefoot sostenible","https://barefootopiniones.com/opinion-mukishoes-marca-barefoot-sostenible/","Opiniones de marcas","Opiniones de marcas","Opinión","2020-04-05","2026-05-29","1393","Mi opinión sobre Mukishoes: una marca de calzado barefoot sostenible, con criterios de ajuste, materiales, comodidad, tipo de pie y uso diario."
"Mi opinión sobre No(N)s: una marca barefoot con mucho encanto","https://barefootopiniones.com/opinion-no-n-s-marca-barefoot-con-mucho/","Opiniones de marcas","Opiniones de marcas","Opinión","2022-08-12","2026-05-26","2565","Mi opinión sobre No(N)s: una marca barefoot con mucho encanto, con criterios de ajuste, materiales, comodidad, tipo de pie y uso diario."
"Mi opinión sobre Oesh Dream Flats","https://barefootopiniones.com/opinion-oesh-dream-bailarinas/","Opiniones de marcas | Mujer y estilo","Opiniones de marcas","Opinión","2019-03-07","2022-10-05","1417","Mi opinión sobre Oesh Dream Flats, con criterios de ajuste, materiales, comodidad, tipo de pie y uso diario."
"Mi opinión sobre Oesh Townie Flats","https://barefootopiniones.com/opinion-oesh-townie-bailarinas/","Opiniones de marcas | Mujer y estilo","Opiniones de marcas","Opinión","2019-12-30","2020-06-28","1335","Mi opinión sobre Oesh Townie Flats, con criterios de ajuste, materiales, comodidad, tipo de pie y uso diario."
"Mi opinión sobre original de Feelgrounds: hacer que los zapatos barefoot sean geniales","https://barefootopiniones.com/opinion-original-feelgrounds-barefoot-sean/","Opiniones de marcas","Opiniones de marcas","Opinión","2020-02-23","2026-06-04","1393","Mi opinión sobre original de Feelgrounds: hacer que los zapatos barefoot sean geniales, con criterios de ajuste, materiales, comodidad, tipo de pie y uso diario."
"Mi opinión sobre Plae Shoes: una marca de calzado minimalista asequible para niños","https://barefootopiniones.com/opinion-plae-marca-calzado-minimalista/","Opiniones de marcas | Niños","Opiniones de marcas","Opinión","2022-01-21","2026-05-28","1718","Mi opinión sobre Plae Shoes: una marca de calzado minimalista asequible para niños, con criterios de ajuste, materiales, comodidad, tipo de pie y uso diario."
"Mi opinión sobre Posh Panda: mocasines barefoot hechos a mano","https://barefootopiniones.com/opinion-posh-panda-mocasines-barefoot-hechos/","Opiniones de marcas","Opiniones de marcas","Opinión","2021-02-04","2026-05-29","1383","Mi opinión sobre Posh Panda: mocasines barefoot hechos a mano, con criterios de ajuste, materiales, comodidad, tipo de pie y uso diario."
"Mi opinión sobre Realfoot: mis dedos de los pies nunca han estado más libres","https://barefootopiniones.com/opinion-realfoot-dedos-pies-nunca-han-estado/","Opiniones de marcas | Puntera ancha","Opiniones de marcas","Opinión","2023-03-15","2024-01-04","1824","Mi opinión sobre Realfoot: mis dedos de los pies nunca han estado más libres, con criterios de ajuste, materiales, comodidad, tipo de pie y uso diario."
"Mi opinión sobre sandalias Crupon","https://barefootopiniones.com/opinion-sandalias-crupon/","Opiniones de marcas | Sandalias y verano","Opiniones de marcas","Opinión","2019-03-11","2026-05-29","1336","Mi opinión sobre sandalias Crupon, con criterios de ajuste, materiales, comodidad, tipo de pie y uso diario."
"Mi opinión sobre sandalias DIY de Xero Shoes: asequibles y fáciles de hacer","https://barefootopiniones.com/opinion-sandalias-hazlo-xero-asequibles/","Listas y comparativas | Opiniones de marcas | Sandalias y verano","Listas y comparativas","Opinión","2021-08-30","2026-04-22","1451","Mi opinión sobre sandalias DIY de Xero Shoes: asequibles y fáciles de hacer, con criterios de ajuste, materiales, comodidad, tipo de pie y uso diario."
"Mi opinión sobre sandalias personalizadas de Deliberate Life Designs","https://barefootopiniones.com/opinion-sandalias-personalizadas-deliberate/","Opiniones de marcas | Sandalias y verano","Opiniones de marcas","Opinión","2019-09-05","2026-06-12","1421","Mi opinión sobre sandalias personalizadas de Deliberate Life Designs, con criterios de ajuste, materiales, comodidad, tipo de pie y uso diario."
"Mi opinión sobre sandalias Toetem: innovadoras sandalias de aventura barefoot","https://barefootopiniones.com/opinion-sandalias-toetem-innovadoras-sandalias/","Opiniones de marcas | Sandalias y verano","Opiniones de marcas","Opinión","2023-07-17","2026-05-26","1565","Mi opinión sobre sandalias Toetem: innovadoras sandalias de aventura barefoot, con criterios de ajuste, materiales, comodidad, tipo de pie y uso diario."
"Mi opinión sobre sandalias Unshoes Uinta y Keota","https://barefootopiniones.com/opinion-sandalias-unshoes-uinta-keota/","Opiniones de marcas | Sandalias y verano","Opiniones de marcas","Opinión","2019-05-27","2026-06-12","1395","Mi opinión sobre sandalias Unshoes Uinta y Keota, con criterios de ajuste, materiales, comodidad, tipo de pie y uso diario."
"Mi opinión sobre sandalias Vivobarefoot Kids Ababa","https://barefootopiniones.com/opinion-sandalias-vivobarefoot-ninos-ababa/","Opiniones de marcas | Niños | Sandalias y verano","Opiniones de marcas","Opinión","2021-06-25","2026-05-29","1312","Mi opinión sobre sandalias Vivobarefoot Kids Ababa, con criterios de ajuste, materiales, comodidad, tipo de pie y uso diario."
"Mi opinión sobre Sawyer de zapatos Softstar","https://barefootopiniones.com/opinion-sawyer-zapatos-softstar/","Opiniones de marcas","Opiniones de marcas","Opinión","2019-08-28","2026-05-29","1365","Mi opinión sobre Sawyer de zapatos Softstar, con criterios de ajuste, materiales, comodidad, tipo de pie y uso diario."
"Mi opinión sobre seis marcas de sandalias barefoot","https://barefootopiniones.com/opinion-seis-marcas-sandalias-barefoot/","Opiniones de marcas | Sandalias y verano","Opiniones de marcas","Opinión","2020-07-22","2026-05-29","1669","Mi opinión sobre seis marcas de sandalias barefoot, con criterios de ajuste, materiales, comodidad, tipo de pie y uso diario."
"Mi opinión sobre Shamma TrailStars Mini","https://barefootopiniones.com/opinion-shamma-trailstars-mini/","Opiniones de marcas | Sandalias y verano","Opiniones de marcas","Opinión","2022-01-21","2026-06-12","1364","Mi opinión sobre Shamma TrailStars Mini, con criterios de ajuste, materiales, comodidad, tipo de pie y uso diario."
"Mi opinión sobre Shapen: los mejores zapatos de vestir barefoot para mujeres","https://barefootopiniones.com/opinion-shapen-mejores-zapatos-vestir-barefoot/","Opiniones de marcas | Mujer y estilo","Opiniones de marcas","Opinión","2020-12-16","2026-06-22","1453","Mi opinión sobre Shapen: los mejores zapatos de vestir barefoot para mujeres, con criterios de ajuste, materiales, comodidad, tipo de pie y uso diario."
"Mi opinión sobre Softstar Ballerine: todo lo que necesita saber","https://barefootopiniones.com/opinion-softstar-ballerine-todo-necesita-saber/","Opiniones de marcas","Opiniones de marcas","Opinión","2021-06-17","2026-05-29","2915","Mi opinión sobre Softstar Ballerine: todo lo que necesita saber, con criterios de ajuste, materiales, comodidad, tipo de pie y uso diario."
"Mi opinión sobre Softstar Primal Merry Jane","https://barefootopiniones.com/opinion-softstar-primal-merry-jane/","Opiniones de marcas","Opiniones de marcas","Opinión","2020-10-06","2023-08-28","1867","Mi opinión sobre Softstar Primal Merry Jane, con criterios de ajuste, materiales, comodidad, tipo de pie y uso diario."
"Mi opinión sobre Splay Athletics: zapatos para niños barefoot asequibles","https://barefootopiniones.com/opinion-splay-athletics-zapatos-ninos-barefoot/","Opiniones de marcas | Deporte y movimiento","Opiniones de marcas","Opinión","2019-01-25","2026-05-29","1788","Mi opinión sobre Splay Athletics: zapatos para niños barefoot asequibles, con criterios de ajuste, materiales, comodidad, tipo de pie y uso diario."
"Mi opinión sobre Splay Freestyle: zapatillas barefoot asequibles para toda la familia","https://barefootopiniones.com/opinion-splay-freestyle-zapatillas-barefoot/","Listas y comparativas | Opiniones de marcas | Mujer y estilo","Listas y comparativas","Opinión","2021-07-19","2026-05-29","1426","Mi opinión sobre Splay Freestyle: zapatillas barefoot asequibles para toda la familia, con criterios de ajuste, materiales, comodidad, tipo de pie y uso diario."
"Mi opinión sobre Strong Feet Athletics: zapatillas de ciclismo con horma anatómica","https://barefootopiniones.com/opinion-strong-feet-athletics/","Opiniones de marcas | Deporte y movimiento | Puntera ancha","Opiniones de marcas","Opinión","2026-06-11","2026-06-11","1681","Mi opinión sobre Strong Feet Athletics: zapatillas de ciclismo con horma anatómica, con criterios de ajuste, materiales, comodidad, tipo de pie y uso diario."
"Mi opinión sobre Ten Little Kids: asequible, vegana y minimalista","https://barefootopiniones.com/opinion-ten-little-ninos-asequible-vegana/","Opiniones de marcas | Niños","Opiniones de marcas","Opinión","2021-01-11","2026-05-29","1392","Mi opinión sobre Ten Little Kids: asequible, vegana y minimalista, con criterios de ajuste, materiales, comodidad, tipo de pie y uso diario."
"Mi opinión sobre Ten Little: botas de lluvia barefoot asequibles para niños","https://barefootopiniones.com/opinion-ten-little-botas-lluvia-barefoot/","Listas y comparativas | Opiniones de marcas | Niños | Botas e invierno","Listas y comparativas","Opinión","2022-02-22","2026-05-28","1516","Mi opinión sobre Ten Little: botas de lluvia barefoot asequibles para niños, con criterios de ajuste, materiales, comodidad, tipo de pie y uso diario."
"Mi opinión sobre The Storehouse Flats: asequible y bueno para los pies","https://barefootopiniones.com/opinion-the-storehouse-bailarinas-asequible/","Opiniones de marcas | Mujer y estilo","Opiniones de marcas","Opinión","2019-06-05","2026-05-29","1455","Mi opinión sobre The Storehouse Flats: asequible y bueno para los pies, con criterios de ajuste, materiales, comodidad, tipo de pie y uso diario."
"Mi opinión sobre Tikki Shoes Moon Graffiti","https://barefootopiniones.com/opinion-tikki-moon-graffiti/","Opiniones de marcas","Opiniones de marcas","Opinión","2021-04-20","2026-05-29","1407","Mi opinión sobre Tikki Shoes Moon Graffiti, con criterios de ajuste, materiales, comodidad, tipo de pie y uso diario."
"Mi opinión sobre Tolos: la marca de zapatos barefoot más nueva del mercado","https://barefootopiniones.com/opinion-tolos-marca-barefoot-mas-mercado/","Opiniones de marcas | Puntera ancha","Opiniones de marcas","Opinión","2023-01-11","2026-05-26","1368","Mi opinión sobre Tolos: la marca de zapatos barefoot más nueva del mercado, con criterios de ajuste, materiales, comodidad, tipo de pie y uso diario."
"Mi opinión sobre Unshoes Saffron y SORTEO","https://barefootopiniones.com/opinion-unshoes-saffron-sorteo/","Opiniones de marcas | Sandalias y verano","Opiniones de marcas","Opinión","2019-04-21","2022-10-05","1927","Mi opinión sobre Unshoes Saffron y SORTEO, con criterios de ajuste, materiales, comodidad, tipo de pie y uso diario."
"Mi opinión sobre Unshoes Terra Vida: zapatos barefoot informales para todos los días","https://barefootopiniones.com/opinion-unshoes-terra-vida-barefoot-informales/","Opiniones de marcas | Sandalias y verano","Opiniones de marcas","Opinión","2019-01-05","2025-11-18","1334","Mi opinión sobre Unshoes Terra Vida: zapatos barefoot informales para todos los días, con criterios de ajuste, materiales, comodidad, tipo de pie y uso diario."
"Mi opinión sobre Unshoes Traverse","https://barefootopiniones.com/opinion-unshoes-traverse/","Opiniones de marcas | Sandalias y verano","Opiniones de marcas","Opinión","2019-04-10","2021-03-23","1324","Mi opinión sobre Unshoes Traverse, con criterios de ajuste, materiales, comodidad, tipo de pie y uso diario."
"Mi opinión sobre Vivobarefoot Addis -Sostenible, amplio, con clase","https://barefootopiniones.com/opinion-vivobarefoot-addis-sostenible-amplio/","Opiniones de marcas","Opiniones de marcas","Opinión","2020-05-29","2025-11-17","1730","Mi opinión sobre Vivobarefoot Addis -Sostenible, amplio, con clase, con criterios de ajuste, materiales, comodidad, tipo de pie y uso diario."
"Mi opinión sobre Vivobarefoot Fulham: una bota Chelsea barefoot","https://barefootopiniones.com/opinion-vivobarefoot-fulham-bota-chelsea/","Opiniones de marcas | Botas e invierno","Opiniones de marcas","Opinión","2020-11-03","2026-05-29","1943","Mi opinión sobre Vivobarefoot Fulham: una bota Chelsea barefoot, con criterios de ajuste, materiales, comodidad, tipo de pie y uso diario."
"Mi opinión sobre Vivobarefoot Geo Court: la zapatilla de cuero perfecta","https://barefootopiniones.com/opinion-vivobarefoot-geo-court-zapatilla-cuero/","Opiniones de marcas | Deporte y movimiento","Opiniones de marcas","Opinión","2020-01-22","2025-11-18","1887","Mi opinión sobre Vivobarefoot Geo Court: la zapatilla de cuero perfecta, con criterios de ajuste, materiales, comodidad, tipo de pie y uso diario."
"Mi opinión sobre Vivobarefoot Gobi Hi: bota icónica de invierno barefoot","https://barefootopiniones.com/opinion-vivobarefoot-gobi-hi-bota-iconica/","Opiniones de marcas","Opiniones de marcas","Opinión","2019-11-14","2025-11-18","1887","Mi opinión sobre Vivobarefoot Gobi Hi: bota icónica de invierno barefoot, con criterios de ajuste, materiales, comodidad, tipo de pie y uso diario."
"Mi opinión sobre Vivobarefoot Gobi III","https://barefootopiniones.com/opinion-vivobarefoot-gobi-iii/","Opiniones de marcas","Opiniones de marcas","Opinión","2019-10-28","2025-11-18","1347","Mi opinión sobre Vivobarefoot Gobi III, con criterios de ajuste, materiales, comodidad, tipo de pie y uso diario."
"Mi opinión sobre Vivobarefoot Motus Flex para entrenar","https://barefootopiniones.com/opinion-vivobarefoot-motus-flex-entrenar/","Opiniones de marcas | Deporte y movimiento","Opiniones de marcas","Opinión","2024-07-31","2026-06-12","1948","Mi opinión sobre Vivobarefoot Motus Flex para entrenar, con criterios de ajuste, materiales, comodidad, tipo de pie y uso diario."
"Mi opinión sobre Vivobarefoot Opanka: un zapato barefoot suave y flexible","https://barefootopiniones.com/opinion-vivobarefoot-opanka-zapato-barefoot/","Opiniones de marcas","Opiniones de marcas","Opinión","2021-05-20","2026-05-29","1802","Mi opinión sobre Vivobarefoot Opanka: un zapato barefoot suave y flexible, con criterios de ajuste, materiales, comodidad, tipo de pie y uso diario."
"Mi opinión sobre Vivobarefoot Ra Slip On","https://barefootopiniones.com/opinion-vivobarefoot-ra-slip-on/","Opiniones de marcas","Opiniones de marcas","Opinión","2020-02-13","2026-05-29","1417","Mi opinión sobre Vivobarefoot Ra Slip On, con criterios de ajuste, materiales, comodidad, tipo de pie y uso diario."
"Mi opinión sobre Vivobarefoot Ryder: una bota para montar barefoot","https://barefootopiniones.com/opinion-vivobarefoot-ryder-bota-montar/","Opiniones de marcas","Opiniones de marcas","Opinión","2021-01-12","2026-05-29","1935","Mi opinión sobre Vivobarefoot Ryder: una bota para montar barefoot, con criterios de ajuste, materiales, comodidad, tipo de pie y uso diario."
"Mi opinión sobre Vivobarefoot Tracker: botas de montaña barefoot","https://barefootopiniones.com/opinion-vivobarefoot-tracker-botas-montana/","Opiniones de marcas | Botas e invierno | Deporte y movimiento","Opiniones de marcas","Opinión","2020-09-13","2026-06-12","1633","Mi opinión sobre Vivobarefoot Tracker: botas de montaña barefoot, con criterios de ajuste, materiales, comodidad, tipo de pie y uso diario."
"Mi opinión sobre Whitin: zapatillas de deporte barefoot baratas","https://barefootopiniones.com/opinion-whitin-zapatillas-deporte-barefoot/","Opiniones de marcas","Opiniones de marcas","Opinión","2021-04-14","2026-06-12","1328","Mi opinión sobre Whitin: zapatillas de deporte barefoot baratas, con criterios de ajuste, materiales, comodidad, tipo de pie y uso diario."
"Mi opinión sobre Wildling Shoes Pegasus: un zapato de juego resistente al agua","https://barefootopiniones.com/opinion-wildling-pegasus-zapato-juego/","Opiniones de marcas","Opiniones de marcas","Opinión","2021-05-06","2026-05-29","1364","Mi opinión sobre Wildling Shoes Pegasus: un zapato de juego resistente al agua, con criterios de ajuste, materiales, comodidad, tipo de pie y uso diario."
"Mi opinión sobre Wildling: los zapatos barefoot más flexibles","https://barefootopiniones.com/opinion-wildling-barefoot-mas-flexibles/","Opiniones de marcas","Opiniones de marcas","Opinión","2020-04-24","2026-05-12","1502","Mi opinión sobre Wildling: los zapatos barefoot más flexibles, con criterios de ajuste, materiales, comodidad, tipo de pie y uso diario."
"Mi opinión sobre Xero 360: el calzado barefoot definitivo para entrenamiento cruzado","https://barefootopiniones.com/opinion-xero-360-barefoot-definitivo/","Opiniones de marcas | Botas e invierno | Deporte y movimiento","Opiniones de marcas","Opinión","2022-03-02","2026-06-12","1653","Mi opinión sobre Xero 360: el calzado barefoot definitivo para entrenamiento cruzado, con criterios de ajuste, materiales, comodidad, tipo de pie y uso diario."
"Mi opinión sobre Xero Shoes Phoenix: una elegante bailarina barefoot","https://barefootopiniones.com/opinion-xero-phoenix-elegante-bailarina/","Opiniones de marcas | Mujer y estilo","Opiniones de marcas","Opinión","2021-02-27","2026-05-29","1631","Mi opinión sobre Xero Shoes Phoenix: una elegante bailarina barefoot, con criterios de ajuste, materiales, comodidad, tipo de pie y uso diario."
"Mi opinión sobre Xero Shoes Primavera 2023: senderismo, informal y elegante","https://barefootopiniones.com/opinion-xero-primavera-2023-senderismo/","Opiniones de marcas | Mujer y estilo | Botas e invierno | Deporte y movimiento","Opiniones de marcas","Opinión","2023-03-01","2026-06-12","1873","Mi opinión sobre Xero Shoes Primavera 2023: senderismo, informal y elegante, con criterios de ajuste, materiales, comodidad, tipo de pie y uso diario."
"Mi opinión sobre Xero Xcursion Fusion: una bota de senderismo impermeable y de zero drop","https://barefootopiniones.com/opinion-xero-xcursion-fusion-bota-senderismo/","Opiniones de marcas | Botas e invierno | Deporte y movimiento","Opiniones de marcas","Opinión","2021-03-11","2026-06-12","1961","Mi opinión sobre Xero Xcursion Fusion: una bota de senderismo impermeable y de zero drop, con criterios de ajuste, materiales, comodidad, tipo de pie y uso diario."
"Mi opinión sobre zapatos barefoot Freet: todo lo que necesita saber","https://barefootopiniones.com/opinion-barefoot-freet-todo-necesita-saber/","Opiniones de marcas","Opiniones de marcas","Opinión","2022-01-19","2026-06-22","1726","Mi opinión sobre zapatos barefoot Freet: todo lo que necesita saber, con criterios de ajuste, materiales, comodidad, tipo de pie y uso diario."
"Mi opinión sobre zapatos barefoot Saguaro: zapatillas deportivas asequibles para toda la familia","https://barefootopiniones.com/opinion-barefoot-saguaro-zapatillas-deportivas/","Listas y comparativas | Opiniones de marcas","Listas y comparativas","Opinión","2021-10-05","2026-06-12","1379","Mi opinión sobre zapatos barefoot Saguaro: zapatillas deportivas asequibles para toda la familia, con criterios de ajuste, materiales, comodidad, tipo de pie y..."
"Mi opinión sobre zapatos de invierno Wildling: Honeybear & Nessie","https://barefootopiniones.com/opinion-zapatos-invierno-wildling-honeybear/","Opiniones de marcas | Botas e invierno","Opiniones de marcas","Opinión","2020-12-31","2026-05-29","1366","Mi opinión sobre zapatos de invierno Wildling: Honeybear & Nessie, con criterios de ajuste, materiales, comodidad, tipo de pie y uso diario."
"Mi opinión sobre zapatos minimalistas Tadeevo","https://barefootopiniones.com/opinion-zapatos-minimalistas-tadeevo/","Opiniones de marcas","Opiniones de marcas","Opinión","2019-02-06","2026-03-14","1435","Mi opinión sobre zapatos minimalistas Tadeevo, con criterios de ajuste, materiales, comodidad, tipo de pie y uso diario."
"Mi opinión sobre zapatos Wildling Primavera Verano 2022","https://barefootopiniones.com/opinion-zapatos-wildling-primavera-verano-2022/","Opiniones de marcas | Mujer y estilo | Sandalias y verano","Opiniones de marcas","Opinión","2022-02-14","2026-05-28","2551","Mi opinión sobre zapatos Wildling Primavera Verano 2022, con criterios de ajuste, materiales, comodidad, tipo de pie y uso diario."
"Mi opinión sobre zapatos Xero: Pheonix, Aptos, Alpine","https://barefootopiniones.com/opinion-zapatos-xero-pheonix-aptos-alpine/","Opiniones de marcas","Opiniones de marcas","Opinión","2020-08-24","2026-04-23","1878","Mi opinión sobre zapatos Xero: Pheonix, Aptos, Alpine, con criterios de ajuste, materiales, comodidad, tipo de pie y uso diario."
"Mi opinión sobre Zaqq barefoot","https://barefootopiniones.com/opinion-zaqq-barefoot/","Opiniones de marcas","Opiniones de marcas","Opinión","2020-01-21","2025-11-18","1330","Mi opinión sobre Zaqq barefoot, con criterios de ajuste, materiales, comodidad, tipo de pie y uso diario."
"Mi opinión sobre Zeazoo Cheetah: náuticos y mocasines barefoot","https://barefootopiniones.com/opinion-zeazoo-cheetah-nauticos-mocasines/","Opiniones de marcas | Niños","Opiniones de marcas","Opinión","2021-05-21","2026-05-29","1860","Mi opinión sobre Zeazoo Cheetah: náuticos y mocasines barefoot, con criterios de ajuste, materiales, comodidad, tipo de pie y uso diario."
"Mi opinión sobre Zeazoo Kids: la bota Dingo","https://barefootopiniones.com/opinion-zeazoo-ninos-bota-dingo/","Opiniones de marcas | Niños","Opiniones de marcas","Opinión","2019-11-24","2026-05-29","1896","Mi opinión sobre Zeazoo Kids: la bota Dingo, con criterios de ajuste, materiales, comodidad, tipo de pie y uso diario."
"Mi opinión sobre Zuna Shoes: zapatillas de deporte barefoot para niños grandes","https://barefootopiniones.com/opinion-zuna-zapatillas-deporte-barefoot-ninos/","Opiniones de marcas | Niños","Opiniones de marcas","Opinión","2021-10-26","2026-05-28","1426","Mi opinión sobre Zuna Shoes: zapatillas de deporte barefoot para niños grandes, con criterios de ajuste, materiales, comodidad, tipo de pie y uso diario."
"Mi opinión sobre Zuzii Oxfords","https://barefootopiniones.com/opinion-zuzii-oxfords/","Opiniones de marcas","Opiniones de marcas","Opinión","2019-01-02","2022-10-05","1412","Mi opinión sobre Zuzii Oxfords, con criterios de ajuste, materiales, comodidad, tipo de pie y uso diario."
"Mis botas barefoot favoritas","https://barefootopiniones.com/botas-barefoot-favoritas/","Listas y comparativas | Botas e invierno","Listas y comparativas","Lista o comparativa","2020-02-10","2026-05-31","1695","Guía práctica sobre Mis botas barefoot favoritas, con criterios de ajuste, materiales, comodidad, tipo de pie y uso diario."
"Mis sandalias barefoot favoritas","https://barefootopiniones.com/sandalias-barefoot-favoritas/","Listas y comparativas | Sandalias y verano","Listas y comparativas","Lista o comparativa","2020-02-29","2024-07-25","1862","Guía práctica sobre Mis sandalias barefoot favoritas, con criterios de ajuste, materiales, comodidad, tipo de pie y uso diario."
"Mis zapatos barefoot favoritos para la primavera de 2026","https://barefootopiniones.com/favoritos-barefoot-primavera-2026/","Mujer y estilo","Mujer y estilo","Artículo","2026-05-08","2026-06-22","2494","Guía práctica sobre Mis zapatos barefoot favoritos para la primavera de 2026, con criterios de ajuste, materiales, comodidad, tipo de pie y uso diario."
"Mis zapatos barefoot/minimalistas favoritos para niños","https://barefootopiniones.com/barefoot-minimalistas-favoritos-ninos/","Niños","Niños","Artículo","2019-03-15","2026-06-16","1545","Guía práctica sobre Mis zapatos barefoot/minimalistas favoritos para niños, con criterios de ajuste, materiales, comodidad, tipo de pie y uso diario."
"Mocasines barefoot que nunca querrás quitarte de Magical Shoes","https://barefootopiniones.com/mocasines-barefoot-nunca-querras-quitarte/","Opiniones de marcas","Opiniones de marcas","Opinión","2023-08-16","2025-07-15","1829","Guía práctica sobre Mocasines barefoot que nunca querrás quitarte de Magical Shoes, con criterios de ajuste, materiales, comodidad, tipo de pie y uso diario."
"Mocasines personalizados FaeMoon Wolf: el zapato barefoot original","https://barefootopiniones.com/mocasines-personalizados-faemoon-wolf-zapato/","Sin clasificar","Sin clasificar","Artículo","2023-02-15","2026-05-26","1948","Guía práctica sobre Mocasines personalizados FaeMoon Wolf: el zapato barefoot original, con criterios de ajuste, materiales, comodidad, tipo de pie y uso diario."
"Náuticos con puntera ancha","https://barefootopiniones.com/nauticos-puntera-ancha-barefoot/","Sin clasificar","Sin clasificar","Artículo","2026-06-22","2026-06-22","1624","El clasico zapato barco reinterpretado para pies que quieren espacio sin perder ese aire de verano arreglado."
"Nuevas botas barefoot extraanchas hechas a mano de DaVinci","https://barefootopiniones.com/botas-barefoot-extraanchas-hechas-mano-davinci/","Botas e invierno | Puntera ancha","Botas e invierno","Artículo","2021-01-07","2025-11-18","1353","Guía práctica sobre Nuevas botas barefoot extraanchas hechas a mano de DaVinci, con criterios de ajuste, materiales, comodidad, tipo de pie y uso diario."
"Nuevas botas barefoot Shapen para el otoño de 2023","https://barefootopiniones.com/botas-barefoot-shapen-otono-2023/","Opiniones de marcas | Mujer y estilo | Botas e invierno","Opiniones de marcas","Opinión","2023-10-25","2026-07-05","1757","Guía práctica sobre Nuevas botas barefoot Shapen para el otoño de 2023, con criterios de ajuste, materiales, comodidad, tipo de pie y uso diario."
"Nuevas zapatillas Tolos con puntera ancha y suela amortiguada","https://barefootopiniones.com/zapatillas-tolos-puntera-ancha/","Puntera ancha","Puntera ancha","Artículo","2025-12-05","2026-05-19","1450","Guía práctica sobre Nuevas zapatillas Tolos con puntera ancha y suela amortiguada, con criterios de ajuste, materiales, comodidad, tipo de pie y uso diario."
"Nuevos zapatos Oxford Softstar: Zapatos elegantes y minimalistas en dos anchos","https://barefootopiniones.com/zapatos-oxford-softstar-zapatos-elegantes/","Opiniones de marcas | Mujer y estilo","Opiniones de marcas","Opinión","2023-04-12","2025-06-24","1885","Guía práctica sobre Nuevos zapatos Oxford Softstar: Zapatos elegantes y minimalistas en dos anchos, con criterios de ajuste, materiales, comodidad, tipo de pie y..."
"Nuevos zapatos Xero para la primavera de 2024","https://barefootopiniones.com/zapatos-xero-primavera-2024/","Opiniones de marcas | Mujer y estilo","Opiniones de marcas","Opinión","2024-03-12","2026-06-12","1903","Guía práctica sobre Nuevos zapatos Xero para la primavera de 2024, con criterios de ajuste, materiales, comodidad, tipo de pie y uso diario."
"Ohne Project: las mejores zapatillas retro con espacio para los dedos","https://barefootopiniones.com/ohne-project-mejores-zapatillas-retro-con/","Sin clasificar","Sin clasificar","Lista o comparativa","2025-03-21","2026-06-11","1893","Guía práctica sobre Ohne Project: las mejores zapatillas retro con espacio para los dedos, con criterios de ajuste, materiales, comodidad, tipo de pie y uso diario."
"PaperKrane: calzado barefoot con personalidad","https://barefootopiniones.com/paperkrane-barefoot/","Sin clasificar","Sin clasificar","Artículo","2026-01-21","2026-06-25","1939","Guía práctica sobre PaperKrane: calzado barefoot con personalidad, con criterios de ajuste, materiales, comodidad, tipo de pie y uso diario."
"Plantillas para pies descalzos NorthSole y barefoot a tu manera","https://barefootopiniones.com/plantillas-barefoot-northsole-barefoot-manera/","Opiniones de marcas","Opiniones de marcas","Opinión","2019-03-28","2025-11-18","1484","Guía práctica sobre Plantillas para pies descalzos NorthSole y barefoot a tu manera, con criterios de ajuste, materiales, comodidad, tipo de pie y uso diario."
"Por qué Birkenstocks no son una solución a largo plazo para el dolor de pie","https://barefootopiniones.com/birkenstocks-no-son-solucion-largo-plazo-dolor/","Sin clasificar","Sin clasificar","Artículo","2021-08-26","2026-06-04","2137","Guía práctica sobre Por qué Birkenstocks no son una solución a largo plazo para el dolor de pie, con criterios de ajuste, materiales, comodidad, tipo de pie y..."
"Por qué el calzado barefoot no es toda la solución según Katy Bowman","https://barefootopiniones.com/barefoot-no-es-toda-solucion-segun-katy-bowman/","Primeros pasos","Primeros pasos","Artículo","2023-12-20","2024-01-08","1395","Guía práctica sobre Por qué el calzado barefoot no es toda la solución según Katy Bowman, con criterios de ajuste, materiales, comodidad, tipo de pie y uso diario."
"Por qué las Uggs no son buenas para los pies y qué ponerse en su lugar","https://barefootopiniones.com/uggs-no-son-buenas-pies-ponerse-lugar/","Sin clasificar","Sin clasificar","Artículo","2020-12-06","2025-01-07","1943","Guía práctica sobre Por qué las Uggs no son buenas para los pies y qué ponerse en su lugar, con criterios de ajuste, materiales, comodidad, tipo de pie y uso diario."
"Por qué me encantan las zapatillas deportivas Be Lenka Elevate, aireadas y elegantes","https://barefootopiniones.com/me-encantan-zapatillas-deportivas-be-lenka/","Opiniones de marcas","Opiniones de marcas","Opinión","2023-04-20","2025-12-23","1831","Guía práctica sobre Por qué me encantan las zapatillas deportivas Be Lenka Elevate, aireadas y elegantes, con criterios de ajuste, materiales, comodidad, tipo de..."
"Por qué no me preocupo por la amortiguación de los zapatos barefoot","https://barefootopiniones.com/no-me-preocupo-amortiguacion-barefoot/","Primeros pasos","Primeros pasos","Artículo","2021-02-03","2021-02-03","1424","Guía práctica sobre Por qué no me preocupo por la amortiguación de los zapatos barefoot, con criterios de ajuste, materiales, comodidad, tipo de pie y uso diario."
"Por qué uso zapatos de suela fina incluso sobre asfalto","https://barefootopiniones.com/uso-zapatos-suela-fina-incluso-sobre-asfalto/","Primeros pasos","Primeros pasos","Artículo","2023-04-07","2025-12-18","1381","Guía práctica sobre Por qué uso zapatos de suela fina incluso sobre asfalto, con criterios de ajuste, materiales, comodidad, tipo de pie y uso diario."
"Presentamos Tari II: una bota Chelsea barefoot elevada","https://barefootopiniones.com/presentamos-tari-ii-bota-chelsea-barefoot/","Botas e invierno","Botas e invierno","Artículo","2025-08-19","2026-05-19","1389","Guía práctica sobre Presentamos Tari II: una bota Chelsea barefoot elevada, con criterios de ajuste, materiales, comodidad, tipo de pie y uso diario."
"Qué aprendí de un análisis de la marcha para moverme sin dolor","https://barefootopiniones.com/aprendi-analisis-marcha-moverme-sin-dolor/","Primeros pasos","Primeros pasos","Artículo","2024-09-19","2024-09-21","1368","Guía práctica sobre Qué aprendí de un análisis de la marcha para moverme sin dolor, con criterios de ajuste, materiales, comodidad, tipo de pie y uso diario."
"Qué zapatos barefoot usarán mis hijos este verano","https://barefootopiniones.com/barefoot-usaran-hijos-este-verano/","Niños | Sandalias y verano","Niños","Artículo","2019-07-25","2026-05-31","1431","Guía práctica sobre Qué zapatos barefoot usarán mis hijos este verano, con criterios de ajuste, materiales, comodidad, tipo de pie y uso diario."
"Recursos fundamentales para comprender el movimiento barefoot","https://barefootopiniones.com/recursos-fundamentales-comprender-movimiento/","Sin clasificar","Sin clasificar","Artículo","2019-02-16","2024-02-28","1898","Guía práctica sobre Recursos fundamentales para comprender el movimiento barefoot, con criterios de ajuste, materiales, comodidad, tipo de pie y uso diario."
"Sandalias barefoot bonitas para mujer","https://barefootopiniones.com/sandalias-barefoot-bonitas-mujer/","Sandalias y verano","Sandalias y verano","Artículo","2026-07-06","2026-07-06","1931","Opciones arregladas, urbanas y de verano para olvidarte del tacon sin sentir que has bajado el nivel."
"Sandalias barefoot Crupon con estilo vintage","https://barefootopiniones.com/sandalias-barefoot-crupon-con-estilo-vintage/","Sandalias y verano","Sandalias y verano","Artículo","2022-01-25","2026-05-28","1907","Guía práctica sobre Sandalias barefoot Crupon con estilo vintage, con criterios de ajuste, materiales, comodidad, tipo de pie y uso diario."
"Sandalias Crupon en 2023: más bonitas y versátiles que nunca","https://barefootopiniones.com/sandalias-crupon-2023-mas-bonitas-versatiles/","Opiniones de marcas | Sandalias y verano","Opiniones de marcas","Opinión","2023-03-21","2026-05-26","1432","Guía práctica sobre Sandalias Crupon en 2023: más bonitas y versátiles que nunca, con criterios de ajuste, materiales, comodidad, tipo de pie y uso diario."
"Sandalias de puesta a tierra Earth Runners: mi opinión","https://barefootopiniones.com/sandalias-puesta-tierra-earth-runners-opinion/","Opiniones de marcas | Sandalias y verano","Opiniones de marcas","Opinión","2020-07-13","2026-06-12","1544","Guía práctica sobre Sandalias de puesta a tierra Earth Runners: mi opinión, con criterios de ajuste, materiales, comodidad, tipo de pie y uso diario."
"Softstar Camino: sandalias cómodas para quienes usan calzado barefoot","https://barefootopiniones.com/softstar-camino-sandalias-comodas-quienes-usan/","Opiniones de marcas | Sandalias y verano","Opiniones de marcas","Opinión","2024-05-29","2026-05-20","1739","Guía práctica sobre Softstar Camino: sandalias cómodas para quienes usan calzado barefoot, con criterios de ajuste, materiales, comodidad, tipo de pie y uso diario."
"Sorteo de zapatos Softstar","https://barefootopiniones.com/sorteo-zapatos-softstar/","Opiniones de marcas","Opiniones de marcas","Opinión","2020-05-11","2021-03-03","1654","Guía práctica sobre Sorteo de zapatos Softstar, con criterios de ajuste, materiales, comodidad, tipo de pie y uso diario."
"Sorteo descalzado","https://barefootopiniones.com/sorteo-descalzado/","Sandalias y verano","Sandalias y verano","Artículo","2020-04-27","2020-09-15","1590","Guía práctica sobre Sorteo descalzado, con criterios de ajuste, materiales, comodidad, tipo de pie y uso diario."
"Splay: la clásica zapatilla americana pero con más espacio para los dedos","https://barefootopiniones.com/splay-clasica-zapatilla-americana-pero-con-mas/","Opiniones de marcas","Opiniones de marcas","Opinión","2025-02-05","2026-05-19","2015","Guía práctica sobre Splay: la clásica zapatilla americana pero con más espacio para los dedos, con criterios de ajuste, materiales, comodidad, tipo de pie y uso..."
"Tendencias de primavera con zapatos barefoot","https://barefootopiniones.com/tendencias-primavera-con-barefoot/","Mujer y estilo","Mujer y estilo","Artículo","2024-04-04","2026-07-05","1428","Guía práctica sobre Tendencias de primavera con zapatos barefoot, con criterios de ajuste, materiales, comodidad, tipo de pie y uso diario."
"Tip Toey Joey: zapatos para niños barefoot que realmente quieren usar","https://barefootopiniones.com/tip-toey-joey-zapatos-ninos-barefoot-quieren/","Niños","Niños","Artículo","2023-01-26","2023-01-26","1804","Guía práctica sobre Tip Toey Joey: zapatos para niños barefoot que realmente quieren usar, con criterios de ajuste, materiales, comodidad, tipo de pie y uso diario."
"True Linkswear: zapatos de golf barefoot que son realmente cómodos","https://barefootopiniones.com/true-linkswear-zapatos-golf-barefoot-son/","Deporte y movimiento","Deporte y movimiento","Artículo","2023-08-01","2026-06-12","1729","Guía práctica sobre True Linkswear: zapatos de golf barefoot que son realmente cómodos, con criterios de ajuste, materiales, comodidad, tipo de pie y uso diario."
"Una guía de regalos para el nerd de los pies en tu vida","https://barefootopiniones.com/guia-regalos-nerd-pies-vida/","Listas y comparativas","Listas y comparativas","Lista o comparativa","2019-12-10","2023-05-24","1380","Guía práctica sobre Una guía de regalos para el nerd de los pies en tu vida, con criterios de ajuste, materiales, comodidad, tipo de pie y uso diario."
"Use esto, no aquello: el look de Timberland sin juanetes","https://barefootopiniones.com/use-esto-no-aquello-look-timberland-sin/","Puntera ancha","Puntera ancha","Artículo","2020-09-08","2026-06-04","1946","Guía práctica sobre Use esto, no aquello: el look de Timberland sin juanetes, con criterios de ajuste, materiales, comodidad, tipo de pie y uso diario."
"Vea los nuevos zapatos Xero para el otoño de 2023 aquí","https://barefootopiniones.com/vea-zapatos-xero-otono-2023/","Opiniones de marcas | Mujer y estilo","Opiniones de marcas","Opinión","2023-08-23","2026-06-12","1457","Guía práctica sobre Vea los nuevos zapatos Xero para el otoño de 2023 aquí, con criterios de ajuste, materiales, comodidad, tipo de pie y uso diario."
"Vista previa de la primavera: Lo que estoy más emocionado por 2025","https://barefootopiniones.com/vista-previa-primavera-estoy-mas-emocionado/","Opiniones de marcas | Mujer y estilo","Opiniones de marcas","Opinión","2025-02-14","2026-07-03","1794","Guía práctica sobre Vista previa de la primavera: Lo que estoy más emocionado por 2025, con criterios de ajuste, materiales, comodidad, tipo de pie y uso diario."
"Whitin: los mejores zapatos barefoot baratos","https://barefootopiniones.com/whitin-mejores-barefoot-baratos/","Listas y comparativas","Listas y comparativas","Lista o comparativa","2025-06-26","2026-06-11","1357","Guía práctica sobre Whitin: los mejores zapatos barefoot baratos, con criterios de ajuste, materiales, comodidad, tipo de pie y uso diario."
"Wildling Ranidae: botas de lluvia barefoot con puntera ancha","https://barefootopiniones.com/wildling-ranidae-botas-lluvia-barefoot-con/","Listas y comparativas | Opiniones de marcas | Botas e invierno | Puntera ancha","Listas y comparativas","Opinión","2025-09-05","2026-05-19","1906","Guía práctica sobre Wildling Ranidae: botas de lluvia barefoot con puntera ancha, con criterios de ajuste, materiales, comodidad, tipo de pie y uso diario."
"Zapatillas de ciclismo con forma de pie","https://barefootopiniones.com/zapatillas-ciclismo-forma-pie/","Sin clasificar","Sin clasificar","Artículo","2026-06-11","2026-06-11","1811","Una mirada a las primeras opciones de ciclismo pensadas para no comprimir los dedos dentro de la cala."
"Zapatillas Tus pies amarán","https://barefootopiniones.com/zapatillas-pies-amaran/","Sin clasificar","Sin clasificar","Artículo","2025-10-17","2026-07-01","1640","Guía práctica sobre Zapatillas Tus pies amarán, con criterios de ajuste, materiales, comodidad, tipo de pie y uso diario."
"Zapatos barefoot bonitos para primavera: segunda parte","https://barefootopiniones.com/barefoot-bonitos-primavera-segunda-parte/","Mujer y estilo","Mujer y estilo","Artículo","2024-04-17","2026-07-05","1374","Guía práctica sobre Zapatos barefoot bonitos para primavera: segunda parte, con criterios de ajuste, materiales, comodidad, tipo de pie y uso diario."
"Zapatos barefoot de otoño que elevan cualquier look","https://barefootopiniones.com/barefoot-otono-elevan-cualquier-look/","Mujer y estilo","Mujer y estilo","Artículo","2024-11-06","2026-07-05","1379","Guía práctica sobre Zapatos barefoot de otoño que elevan cualquier look, con criterios de ajuste, materiales, comodidad, tipo de pie y uso diario."
"Zapatos barefoot de primavera para caminar con comodidad","https://barefootopiniones.com/barefoot-primavera-caminar-con-comodidad/","Mujer y estilo","Mujer y estilo","Artículo","2023-03-29","2026-06-22","1860","Guía práctica sobre Zapatos barefoot de primavera para caminar con comodidad, con criterios de ajuste, materiales, comodidad, tipo de pie y uso diario."
"zapatos barefoot Guía de estilo navideño","https://barefootopiniones.com/barefoot-guia-estilo-navideno/","Mujer y estilo","Mujer y estilo","Guía","2019-12-11","2025-11-20","1375","Guía práctica sobre zapatos barefoot Guía de estilo navideño, con criterios de ajuste, materiales, comodidad, tipo de pie y uso diario."
"Zapatos barefoot para niños en cada temporada","https://barefootopiniones.com/zapatos-barefoot-ninos-temporada-presupuesto/","Sin clasificar","Sin clasificar","Artículo","2026-07-03","2026-07-03","1666","Como elegir calzado infantil flexible, duradero y con espacio para dedos que estan creciendo."
"zapatos barefoot para pies anchos: guía completa","https://barefootopiniones.com/barefoot-pies-anchos-guia-completa/","Listas y comparativas | Puntera ancha","Listas y comparativas","Lista o comparativa","2022-07-09","2026-06-22","2460","Guía práctica sobre zapatos barefoot para pies anchos: guía completa, con criterios de ajuste, materiales, comodidad, tipo de pie y uso diario."
"Zapatos de vestir Tomás Sullivent: el lujo se une a la puntera ancha","https://barefootopiniones.com/zapatos-vestir-tomas-sullivent-lujo-une/","Mujer y estilo | Puntera ancha","Mujer y estilo","Artículo","2024-09-25","2024-09-26","1542","Guía práctica sobre Zapatos de vestir Tomás Sullivent: el lujo se une a la puntera ancha, con criterios de ajuste, materiales, comodidad, tipo de pie y uso diario."
"Zapatos náuticos con puntera ancha","https://barefootopiniones.com/zapatos-nauticos-puntera-ancha/","Puntera ancha","Puntera ancha","Artículo","2026-06-18","2026-06-22","1307","Guía práctica sobre Zapatos náuticos con puntera ancha, con criterios de ajuste, materiales, comodidad, tipo de pie y uso diario."
"Zapatos Oxford hechos a mano de Hoss","https://barefootopiniones.com/zapatos-oxford-hechos-mano-hoss/","Opiniones de marcas","Opiniones de marcas","Opinión","2019-01-16","2026-05-29","1338","Guía práctica sobre Zapatos Oxford hechos a mano de Hoss, con criterios de ajuste, materiales, comodidad, tipo de pie y uso diario."
"Zuecos Bedrock Mountain: los zapatos de aventura duraderos más nuevos","https://barefootopiniones.com/zuecos-bedrock-mountain-zapatos-aventura/","Opiniones de marcas","Opiniones de marcas","Opinión","2023-04-05","2025-02-18","1450","Guía práctica sobre Zuecos Bedrock Mountain: los zapatos de aventura duraderos más nuevos, con criterios de ajuste, materiales, comodidad, tipo de pie y uso diario."
